modelname,stage,brick_remain,catch_count,state,run_sec
RandomForest_CL_acc=0.653,1,3,0,FAIL,0.86
RandomForest_CL_acc=0.653,1,0,4,FINISH,5.15
RandomForest_CL_acc=0.653,1,1,2,FAIL,2.87
RandomForest_CL_acc=0.653,1,3,0,FAIL,0.57
KNN_RE_k=5_rmse=17.12,1,0,7,FINISH,8.83
KNN_RE_k=5_rmse=17.12,1,0,7,FINISH,8
KNN_RE_k=5_rmse=17.12,1,1,8,FAIL,10.4
KNN_RE_k=5_rmse=17.12,1,1,9,FAIL,10.47
RandomForest_RE_rmse=11.90,1,3,2,FAIL,2.1
RandomForest_RE_rmse=11.90,1,0,2,FINISH,3.15
RandomForest_RE_rmse=11.90,1,0,6,FINISH,6.98
RandomForest_RE_rmse=11.90,1,2,9,FAIL,10.89
RandomForest_RE_rmse=11.90,1,5,1,FAIL,0.63
RandomForest_RE_rmse=11.90,1,3,0,FAIL,0.99
RandomForest_RE_rmse=11.90,1,0,4,FINISH,4.73
RandomForest_RE_rmse=11.90,1,0,6,FINISH,7.38
RandomForest_RE_rmse=11.90,1,5,0,FAIL,0.64
RandomForest_RE_rmse=11.90,1,0,3,FINISH,4.45
RandomForest_RE_rmse=11.90,1,3,9,FAIL,10.9
RandomForest_RE_rmse=11.90,1,1,3,FAIL,4.13
RandomForest_RE_rmse=11.90,1,3,0,FAIL,1.21
RandomForest_RE_rmse=11.90,1,3,2,FAIL,1.01
RandomForest_RE_rmse=11.90,1,1,5,FAIL,4.17
RandomForest_RE_rmse=11.90,1,1,9,FAIL,10.59
RandomForest_RE_rmse=11.90,1,3,2,FAIL,1.75
RandomForest_RE_rmse=11.90,1,5,2,FAIL,0.65
RandomForest_RE_rmse=11.90,1,0,6,FINISH,7.02
LogisticRegression_CL_acc=0.49,1,4,0,FAIL,1.22
LogisticRegression_CL_acc=0.49,1,4,0,FAIL,0.88
LogisticRegression_CL_acc=0.49,1,3,0,FAIL,0.99
LogisticRegression_CL_acc=0.49,1,4,0,FAIL,0.52
LogisticRegression_CL_acc=0.49,1,1,1,FAIL,2.68
LogisticRegression_CL_acc=0.49,1,1,1,FAIL,2.68
LogisticRegression_CL_acc=0.49,1,3,1,FAIL,1.91
KNN_CL_k=5_acc=0.64,1,3,9,FAIL,11.12
KNN_CL_k=5_acc=0.64,1,0,4,FINISH,4.94
SVM_CL_C=1.0,1,0,2,FINISH,2.7
SVM_CL_C=1.0,2,13,1,FAIL,1.54
RandomForest_RE_rmse=11.90,1,2,2,FAIL,2.44
RandomForest_RE_rmse=11.90,5,33,4,FAIL,4.5
RandomForest_RE_rmse=11.90,1,3,0,FAIL,1.27
RandomForest_RE_rmse=11.90,1,3,3,FAIL,1.66
RandomForest_RE_rmse=11.90,1,3,2,FAIL,1.48
RandomForest_RE_rmse=11.90,1,3,1,FAIL,1.69
RandomForest_RE_rmse=11.90,1,0,4,FINISH,3.88
KNN_RE_k=5_rmse=17.12,1,0,19,FINISH,21.92
KNN_RE_k=5_rmse=17.12,1,0,12,FINISH,13.68
KNN_RE_k=5_rmse=17.12,1,0,3,FINISH,4.3
KNN_RE_k=5_rmse=17.12,1,0,11,FINISH,12.84
KNN_RE_k=5_rmse=17.12,1,0,9,FINISH,10.76
KNN_RE_k=5_rmse=17.12,1,0,10,FINISH,11.11
KNN_RE_k=5_rmse=17.12,1,0,12,FINISH,14.05
KNN_RE_k=5_rmse=17.12,1,0,9,FINISH,10.76
KNN_RE_k=5_rmse=17.12,1,0,7,FINISH,8.83
KNN_RE_k=5_rmse=17.12,1,1,17,FAIL,20.27
KNN_RE_k=5_rmse=17.12,1,0,14,FINISH,16.31
KNN_RE_k=5_rmse=17.12,1,0,17,FINISH,19.59
KNN_RE_k=5_rmse=17.12,1,0,5,FINISH,5.47
KNN_RE_k=5_rmse=17.12,1,0,6,FINISH,6.88
KNN_RE_k=5_rmse=16.28,1,0,3,FINISH,4.03
KNN_RE_k=5_rmse=16.28,1,0,4,FINISH,4.8
KNN_RE_k=5_rmse=16.28,1,0,4,FINISH,4.99
KNN_RE_k=5_rmse=16.28,3,7,10,FAIL,10.27
KNN_RE_k=5_rmse=16.55,1,0,3,FINISH,3.97
KNN_RE_k=5_rmse=16.28,5,43,0,FAIL,0
KNN_RE_k=5_rmse=16.28,3,0,18,FINISH,18.29
KNN_RE_k=5_rmse=16.28,1,0,10,FINISH,11.11
KNN_RE_k=5_rmse=16.28,2,0,7,FINISH,7.74
KNN_RE_k=5_rmse=16.28,2,0,12,FINISH,12.9
KNN_RE_k=5_rmse=16.55,2,0,9,FINISH,8.72
KNN_RE_k=5_rmse=16.55,1,0,9,FINISH,9.99
KNN_RE_k=5_rmse=16.55,4,4,11,FAIL,10.61
LinearRegression_RE_rmse=59.06,3,9,12,FAIL,14.19
LinearRegression_RE_rmse=59.06,3,22,1,FAIL,2.17
LinearRegression_RE_rmse=59.06,2,9,1,FAIL,2.17
LinearRegression_RE_rmse=59.06,5,38,1,FAIL,2.17
LinearRegression_RE_rmse=59.06,5,38,1,FAIL,2.17
LinearRegression_RE_rmse=59.06,5,38,1,FAIL,2.17
LinearRegression_RE_rmse=59.06,5,42,0,FAIL,0.87
LinearRegression_RE_rmse=59.06,5,41,0,FAIL,0.87
KNN_RE_k=5_rmse=17.12,5,42,0,FAIL,0.87
KNN_RE_k=5_rmse=17.12,5,6,45,FAIL,52.53
KNN_RE_k=5_rmse=17.12,5,1,47,FAIL,52.3
KNN_RE_k=5_rmse=17.12,2,0,6,FINISH,7.25
KNN_RE_k=5_rmse=17.12,5,0,10,FINISH,15.45
KNN_RE_k=5_rmse=17.12,1,0,11,FINISH,13.18
RandomForest_RE_rmse=11.90,1,0,6,FINISH,6.98
KNN_RE_k=5_rmse=17.12,1,1,1,FAIL,2.26
KNN_RE_k=5_rmse=17.12,1,0,8,FINISH,9.23
KNN_RE_k=5_rmse=17.12,1,0,6,FINISH,6.98
KNN_RE_k=5_rmse=17.12,1,0,7,FINISH,8.45
KNN_RE_k=5_rmse=17.12,1,0,3,FINISH,3.88
KNN_RE_k=5_rmse=17.12,1,0,3,FINISH,3.88
KNN_RE_k=5_rmse=17.12,1,1,28,FAIL,32.86
KNN_RE_k=5_rmse=17.12,1,0,11,FINISH,13.16
KNN_RE_k=5_rmse=17.12,1,0,11,FINISH,13.18
KNN_RE_k=5_rmse=17.12,1,0,3,FINISH,3.88
KNN_RE_k=5_rmse=17.12,1,0,3,FINISH,3.71
RandomForest_RE_rmse=11.90,1,0,3,FINISH,3.88
RandomForest_RE_rmse=11.90,1,3,0,FAIL,1.29
RandomForest_RE_rmse=11.90,1,3,1,FAIL,2.26
RandomForest_RE_rmse=11.90,1,3,3,FAIL,2.12
RandomForest_RE_rmse=11.90,1,4,1,FAIL,0.99
RandomForest_RE_rmse=11.90,2,15,1,FAIL,0.89
RandomForest_RE_rmse=11.90,2,13,1,FAIL,2.17
RandomForest_RE_rmse=11.90,2,13,2,FAIL,2.65
RandomForest_RE_rmse=11.90,2,3,2,FAIL,3.69
RandomForest_RE_rmse=11.90,2,13,3,FAIL,1.77
RandomForest_RE_rmse=11.90,2,11,3,FAIL,3.08
RandomForest_RE_rmse=11.90,2,8,5,FAIL,4.55
RandomForest_RE_rmse=11.90,2,15,0,FAIL,0.89
RandomForest_RE_rmse=11.90,2,13,0,FAIL,1.29
DCT_RE_depth=10_rmse=17.79,2,13,3,FAIL,2.65
DCT_RE_depth=10_rmse=17.79,1,2,4,FAIL,3.26
DCT_RE_depth=10_rmse=17.79,1,3,2,FAIL,1.95
DCT_RE_depth=10_rmse=17.79,1,1,5,FAIL,4.99
DCT_RE_depth=10_rmse=17.79,1,0,3,FINISH,4.03
DCT_RE_depth=10_rmse=17.79,1,0,2,FINISH,2.71
DCT_RE_depth=10_rmse=17.79,1,3,0,FAIL,1.29
DCT_RE_depth=10_rmse=17.79,1,1,2,FAIL,3.54
DCT_RE_depth=10_rmse=17.79,1,0,4,FINISH,4.69
DCT_RE_depth=10_rmse=17.79,1,2,4,FAIL,3.26
DCT_RE_depth=10_rmse=17.79,1,0,4,FINISH,4.69
DCT_RE_depth=10_rmse=17.79,1,4,3,FAIL,2.12
DCT_RE_depth=10_rmse=17.79,1,3,0,FAIL,1.29
DCT_RE_depth=10_rmse=17.79,1,0,2,FINISH,3.2
DCT_RE_depth=10_rmse=17.79,1,1,3,FAIL,4.82
DCT_RE_depth=10_rmse=17.79,1,1,2,FAIL,3.54
DCT_RE_depth=10_rmse=17.79,1,4,1,FAIL,0.99
DCT_RE_depth=10_rmse=17.79,1,4,3,FAIL,2.12
DCT_RE_depth=10_rmse=17.79,1,0,2,FINISH,2.71
DCT_RE_depth=10_rmse=17.79,1,4,1,FAIL,0.99
DCT_RE_depth=10_rmse=17.79,1,3,0,FAIL,1.29
DCT_RE_depth=10_rmse=17.79,1,1,6,FAIL,6.13
DCT_RE_depth=10_rmse=17.79,1,1,2,FAIL,3.54
DCT_RE_depth=10_rmse=17.79,1,1,6,FAIL,6.13
DCT_RE_depth=10_rmse=17.79,1,3,0,FAIL,1.29
DCT_RE_depth=10_rmse=17.79,1,0,5,FINISH,6.45
DCT_RE_depth=10_rmse=17.79,1,2,4,FAIL,4.23
DCT_RE_depth=10_rmse=17.79,1,1,2,FAIL,3.54
DCT_RE_depth=10_rmse=17.79,1,2,4,FAIL,4.23
DCT_RE_depth=10_rmse=17.79,1,0,4,FINISH,4.69
KNN_RE_k=5_rmse=17.12,1,4,0,FAIL,1.29
KNN_RE_k=5_rmse=17.12,2,0,8,FINISH,8.42
KNN_RE_k=5_rmse=17.12,2,0,8,FINISH,9.09
KNN_RE_k=5_rmse=17.12,2,1,29,FAIL,33.51
KNN_RE_k=5_rmse=17.12,2,0,6,FINISH,7.22
KNN_RE_k=5_rmse=17.12,2,0,6,FINISH,7.67
KNN_RE_k=5_rmse=17.12,2,0,11,FINISH,11.1
KNN_RE_k=5_rmse=17.12,2,0,9,FINISH,10.83
KNN_RE_k=5_rmse=17.12,2,0,5,FINISH,5.69
KNN_RE_k=5_rmse=17.12,2,0,7,FINISH,7.85
KNN_RE_k=5_rmse=17.12,2,0,11,FINISH,12.17
KNN_RE_k=5_rmse=17.12,2,0,9,FINISH,10.83
KNN_RE_k=5_rmse=17.12,2,0,6,FINISH,7.22
KNN_RE_k=5_rmse=17.12,2,0,6,FINISH,7.25
KNN_RE_k=5_rmse=17.12,2,0,12,FINISH,13.51
KNN_RE_k=5_rmse=17.12,2,0,8,FINISH,9.07
KNN_RE_k=5_rmse=17.12,2,0,6,FINISH,7.25
KNN_RE_k=5_rmse=17.12,2,0,16,FINISH,18.17
KNN_RE_k=5_rmse=17.12,2,0,9,FINISH,10.83
KNN_RE_k=5_rmse=17.12,2,0,6,FINISH,7.22
KNN_RE_k=5_rmse=17.12,2,0,12,FINISH,13.51
KNN_RE_k=5_rmse=17.12,2,0,6,FINISH,7.22
KNN_RE_k=5_rmse=17.12,2,1,27,FAIL,31.97
KNN_RE_k=5_rmse=17.12,2,0,11,FINISH,11.1
KNN_RE_k=5_rmse=17.12,2,0,6,FINISH,7.2
KNN_RE_k=5_rmse=17.12,2,1,28,FAIL,32.79
KNN_RE_k=5_rmse=17.12,2,0,7,FINISH,7.85
KNN_RE_k=5_rmse=17.12,2,0,9,FINISH,10.83
KNN_RE_k=5_rmse=17.12,2,1,28,FAIL,34.01
KNN_RE_k=5_rmse=17.12,2,0,16,FINISH,18.17
KNN_RE_k=5_rmse=17.12,2,0,6,FINISH,7.22
KNN_RE_k=5_rmse=17.12,3,10,26,FAIL,32.03
KNN_RE_k=5_rmse=17.12,3,1,31,FAIL,33.89
KNN_RE_k=5_rmse=17.12,3,0,20,FINISH,21.39
KNN_RE_k=5_rmse=17.12,3,0,18,FINISH,18.39
KNN_RE_k=5_rmse=17.12,3,9,26,FAIL,30.24
KNN_RE_k=5_rmse=17.12,3,0,21,FINISH,22.36
KNN_RE_k=5_rmse=17.12,3,0,17,FINISH,19.77
KNN_RE_k=5_rmse=17.12,3,6,27,FAIL,30.17
KNN_RE_k=5_rmse=17.12,3,0,20,FINISH,22.91
KNN_RE_k=5_rmse=17.12,3,7,26,FAIL,30.79
KNN_RE_k=5_rmse=17.12,3,0,18,FINISH,19.19
KNN_RE_k=5_rmse=17.12,3,0,16,FINISH,16.61
KNN_RE_k=5_rmse=17.12,3,1,29,FAIL,34.23
KNN_RE_k=5_rmse=17.12,3,0,17,FINISH,17.45
KNN_RE_k=5_rmse=17.12,3,5,28,FAIL,33.71
KNN_RE_k=5_rmse=17.12,3,0,18,FINISH,18.39
KNN_RE_k=5_rmse=17.12,3,0,17,FINISH,17.45
KNN_RE_k=5_rmse=17.12,3,1,30,FAIL,32.57
KNN_RE_k=5_rmse=17.12,3,0,17,FINISH,17.45
KNN_RE_k=5_rmse=17.12,3,4,24,FAIL,30.26
KNN_RE_k=5_rmse=17.12,3,9,26,FAIL,30.24
KNN_RE_k=5_rmse=17.12,3,0,15,FINISH,16.49
KNN_RE_k=5_rmse=17.12,3,4,28,FAIL,33.41
KNN_RE_k=5_rmse=17.12,3,7,27,FAIL,30.77
KNN_RE_k=5_rmse=17.12,3,1,30,FAIL,32.69
KNN_RE_k=5_rmse=17.12,3,9,28,FAIL,32.43
KNN_RE_k=5_rmse=17.12,3,0,15,FINISH,17.49
KNN_RE_k=5_rmse=17.12,3,9,26,FAIL,30.24
KNN_RE_k=5_rmse=17.12,3,5,28,FAIL,33.71
KNN_RE_k=5_rmse=17.12,3,0,18,FINISH,18.11
KNN_RE_k=5_rmse=17.12,4,0,19,FINISH,21.34
KNN_RE_k=5_rmse=17.12,4,0,27,FINISH,28.88
KNN_RE_k=5_rmse=17.12,4,1,28,FAIL,32.39
KNN_RE_k=5_rmse=17.12,4,0,13,FINISH,13.95
KNN_RE_k=5_rmse=17.12,4,1,28,FAIL,32.39
KNN_RE_k=5_rmse=17.12,4,0,18,FINISH,22.39
KNN_RE_k=5_rmse=17.12,4,0,21,FINISH,21.71
KNN_RE_k=5_rmse=17.12,4,0,16,FINISH,18.37
KNN_RE_k=5_rmse=17.12,4,5,29,FAIL,31.95
KNN_RE_k=5_rmse=17.12,4,0,27,FINISH,28.88
KNN_RE_k=5_rmse=17.12,4,0,17,FINISH,21.7
KNN_RE_k=5_rmse=17.12,4,0,22,FINISH,23.55
KNN_RE_k=5_rmse=17.12,4,1,28,FAIL,32.53
KNN_RE_k=5_rmse=17.12,4,2,30,FAIL,33.13
KNN_RE_k=5_rmse=17.12,4,0,26,FINISH,27.77
KNN_RE_k=5_rmse=17.12,4,1,27,FAIL,32.33
KNN_RE_k=5_rmse=17.12,4,0,21,FINISH,23.47
KNN_RE_k=5_rmse=17.12,4,0,17,FINISH,17.53
KNN_RE_k=5_rmse=17.12,4,0,16,FINISH,18.37
KNN_RE_k=5_rmse=17.12,4,0,25,FINISH,27.27
KNN_RE_k=5_rmse=17.12,4,0,22,FINISH,26.1
KNN_RE_k=5_rmse=17.12,4,3,29,FAIL,34.69
KNN_RE_k=5_rmse=17.12,4,0,20,FINISH,21.69
KNN_RE_k=5_rmse=17.12,4,0,18,FINISH,22.39
KNN_RE_k=5_rmse=17.12,4,0,16,FINISH,17.73
KNN_RE_k=5_rmse=17.12,4,5,26,FAIL,30.39
KNN_RE_k=5_rmse=17.12,4,3,28,FAIL,31.97
KNN_RE_k=5_rmse=17.12,4,5,27,FAIL,31.05
KNN_RE_k=5_rmse=17.12,4,1,28,FAIL,32.53
KNN_RE_k=5_rmse=17.12,4,0,22,FINISH,26.1
KNN_RE_k=5_rmse=17.12,5,2,29,FAIL,31.78
KNN_RE_k=5_rmse=17.12,5,0,26,FINISH,28
KNN_RE_k=5_rmse=17.12,5,1,29,FAIL,32.81
KNN_RE_k=5_rmse=17.12,5,0,20,FINISH,22.57
KNN_RE_k=5_rmse=17.12,5,0,23,FINISH,23.53
KNN_RE_k=5_rmse=17.12,5,1,31,FAIL,32.44
KNN_RE_k=5_rmse=17.12,5,0,20,FINISH,22.57
KNN_RE_k=5_rmse=17.12,5,7,26,FAIL,30.73
KNN_RE_k=5_rmse=17.12,5,0,23,FINISH,23.53
KNN_RE_k=5_rmse=17.12,5,0,27,FINISH,26.8
KNN_RE_k=5_rmse=17.12,5,7,29,FAIL,36.71
KNN_RE_k=5_rmse=17.12,5,2,25,FAIL,30.19
KNN_RE_k=5_rmse=17.12,5,0,18,FINISH,18.77
KNN_RE_k=5_rmse=17.12,5,0,23,FINISH,23.53
KNN_RE_k=5_rmse=17.12,5,3,34,FAIL,39.25
KNN_RE_k=5_rmse=17.12,5,0,25,FINISH,25.58
KNN_RE_k=5_rmse=17.12,5,0,25,FINISH,26.53
KNN_RE_k=5_rmse=17.12,5,0,26,FINISH,28
KNN_RE_k=5_rmse=17.12,5,4,28,FAIL,31.77
KNN_RE_k=5_rmse=17.12,5,3,27,FAIL,30.59
KNN_RE_k=5_rmse=17.12,5,0,23,FINISH,23.79
KNN_RE_k=5_rmse=17.12,5,0,26,FINISH,28
KNN_RE_k=5_rmse=17.12,5,0,26,FINISH,28
KNN_RE_k=5_rmse=17.12,5,0,21,FINISH,24.2
KNN_RE_k=5_rmse=17.12,5,0,25,FINISH,25.55
KNN_RE_k=5_rmse=17.12,5,2,30,FAIL,30.85
KNN_RE_k=5_rmse=17.12,5,2,30,FAIL,30.85
KNN_RE_k=5_rmse=17.12,5,0,27,FINISH,26.8
KNN_RE_k=5_rmse=17.12,5,7,27,FAIL,30.63
DCT_RE_depth=10_rmse=17.79,5,0,26,FINISH,28
DCT_RE_depth=10_rmse=17.79,1,3,1,FAIL,1.89
DCT_RE_depth=10_rmse=17.79,2,2,6,FAIL,7.09
DCT_RE_depth=10_rmse=17.79,2,11,0,FAIL,1
DCT_RE_depth=10_rmse=17.79,2,5,2,FAIL,2.15
DCT_RE_depth=10_rmse=17.79,2,14,1,FAIL,1.57
DCT_RE_depth=10_rmse=17.79,2,8,2,FAIL,2.17
DCT_RE_depth=10_rmse=17.79,2,11,1,FAIL,2.12
DCT_RE_depth=10_rmse=17.79,2,5,3,FAIL,2.77
DCT_RE_depth=10_rmse=17.79,2,3,7,FAIL,5.75
DCT_RE_depth=10_rmse=17.79,2,14,2,FAIL,1.58
DCT_RE_depth=10_rmse=17.79,2,13,4,FAIL,2.56
DCT_RE_depth=10_rmse=17.79,2,12,2,FAIL,2.33
DCT_RE_depth=10_rmse=17.79,2,15,2,FAIL,0.66
DCT_RE_depth=10_rmse=17.79,2,7,1,FAIL,2.1
DCT_RE_depth=10_rmse=17.79,2,15,1,FAIL,0.65
DCT_RE_depth=10_rmse=17.79,2,5,3,FAIL,2.77
DCT_RE_depth=10_rmse=17.79,2,5,5,FAIL,4.21
DCT_RE_depth=10_rmse=17.79,2,4,5,FAIL,4.07
DCT_RE_depth=10_rmse=17.79,2,5,3,FAIL,3.7
DCT_RE_depth=10_rmse=17.79,2,3,6,FAIL,6.93
DCT_RE_depth=10_rmse=17.79,2,3,3,FAIL,4.27
DCT_RE_depth=10_rmse=17.79,2,3,1,FAIL,1.88
DCT_RE_depth=10_rmse=17.79,2,11,0,FAIL,1.01
DCT_RE_depth=10_rmse=17.79,2,14,2,FAIL,1.58
DCT_RE_depth=10_rmse=17.79,2,1,26,FAIL,30.63
DCT_RE_depth=10_rmse=17.79,2,0,7,FINISH,7.6
DCT_RE_depth=10_rmse=17.79,2,1,26,FAIL,30.67
DCT_RE_depth=10_rmse=17.79,2,0,8,FINISH,9.22
DCT_RE_depth=10_rmse=17.79,2,11,0,FAIL,1
DCT_RE_depth=10_rmse=17.79,2,8,2,FAIL,2.17
DCT_RE_depth=10_rmse=17.79,3,0,13,FINISH,13.55
DCT_RE_depth=10_rmse=17.79,3,19,5,FAIL,4.41
DCT_RE_depth=10_rmse=17.79,3,25,1,FAIL,1.58
DCT_RE_depth=10_rmse=17.79,3,1,15,FAIL,14.95
DCT_RE_depth=10_rmse=17.79,3,25,0,FAIL,0.92
DCT_RE_depth=10_rmse=17.79,3,26,1,FAIL,0.66
DCT_RE_depth=10_rmse=17.79,3,10,11,FAIL,9.64
DCT_RE_depth=10_rmse=17.79,3,25,0,FAIL,0.92
DCT_RE_depth=10_rmse=17.79,3,7,14,FAIL,12.76
DCT_RE_depth=10_rmse=17.79,3,2,15,FAIL,15.19
DCT_RE_depth=10_rmse=17.79,3,20,4,FAIL,4.14
DCT_RE_depth=10_rmse=17.79,3,2,15,FAIL,15.19
DCT_RE_depth=10_rmse=17.79,4,22,5,FAIL,4.41
DCT_RE_depth=10_rmse=17.79,3,1,16,FAIL,16.11
DCT_RE_depth=10_rmse=17.79,4,25,4,FAIL,3.51
DCT_RE_depth=10_rmse=17.79,3,23,3,FAIL,2.41
DCT_RE_depth=10_rmse=17.79,3,4,13,FAIL,13.61
DCT_RE_depth=10_rmse=17.79,4,0,18,FINISH,19.64
DCT_RE_depth=10_rmse=17.79,3,24,0,FAIL,1
DCT_RE_depth=10_rmse=17.79,4,26,5,FAIL,4.22
DCT_RE_depth=10_rmse=17.79,4,28,0,FAIL,1.03
DCT_RE_depth=10_rmse=17.79,5,1,31,FAIL,32.63
DCT_RE_depth=10_rmse=17.79,3,9,12,FAIL,11.79
DCT_RE_depth=10_rmse=17.79,5,41,1,FAIL,1.61
DCT_RE_depth=10_rmse=17.79,5,41,1,FAIL,1.58
DCT_RE_depth=10_rmse=17.79,4,14,9,FAIL,9.37
DCT_RE_depth=10_rmse=17.79,4,27,0,FAIL,1.03
DCT_RE_depth=10_rmse=17.79,5,34,1,FAIL,1.36
DCT_RE_depth=10_rmse=17.79,3,3,11,FAIL,10.06
DCT_RE_depth=10_rmse=17.79,5,41,1,FAIL,0.47
DCT_RE_depth=10_rmse=17.79,3,26,0,FAIL,0.46
DCT_RE_depth=10_rmse=17.79,4,24,6,FAIL,5.19
DCT_RE_depth=10_rmse=17.79,5,41,1,FAIL,1.57
DCT_RE_depth=10_rmse=17.79,3,7,3,FAIL,4.18
DCT_RE_depth=10_rmse=17.79,4,24,3,FAIL,2.73
DCT_RE_depth=10_rmse=17.79,5,4,18,FAIL,17.87
DCT_RE_depth=10_rmse=17.79,4,4,16,FAIL,15.29
DCT_RE_depth=10_rmse=17.79,5,36,0,FAIL,1.64
DCT_RE_depth=10_rmse=17.79,4,25,4,FAIL,3.51
DCT_RE_depth=10_rmse=17.79,4,24,3,FAIL,2.73
DCT_RE_depth=10_rmse=17.79,3,6,27,FAIL,30.45
DCT_RE_depth=10_rmse=17.79,5,16,9,FAIL,9.65
DCT_RE_depth=10_rmse=17.79,5,0,23,FINISH,22.4
DCT_RE_depth=10_rmse=17.79,3,0,11,FINISH,11.55
DCT_RE_depth=10_rmse=17.79,3,16,1,FAIL,1.42
DCT_RE_depth=10_rmse=17.79,4,18,11,FAIL,8.81
DCT_RE_depth=10_rmse=17.79,4,27,2,FAIL,2.33
DCT_RE_depth=10_rmse=17.79,5,40,2,FAIL,2.2
DCT_RE_depth=10_rmse=17.79,5,41,0,FAIL,0.92
DCT_RE_depth=10_rmse=17.79,4,26,3,FAIL,3.45
DCT_RE_depth=10_rmse=17.79,3,9,12,FAIL,11.79
DCT_RE_depth=10_rmse=17.79,4,22,4,FAIL,4.79
DCT_RE_depth=10_rmse=17.79,3,7,3,FAIL,4.18
DCT_RE_depth=10_rmse=17.79,4,26,2,FAIL,2.16
DCT_RE_depth=10_rmse=17.79,3,25,1,FAIL,1.58
DCT_RE_depth=10_rmse=17.79,5,2,20,FAIL,20.74
DCT_RE_depth=10_rmse=17.79,5,41,1,FAIL,1.61
DCT_RE_depth=10_rmse=17.79,3,9,12,FAIL,11.79
DCT_RE_depth=10_rmse=17.79,4,9,16,FAIL,14.02
DCT_RE_depth=10_rmse=17.79,5,38,4,FAIL,3.96
DCT_RE_depth=10_rmse=17.79,3,23,5,FAIL,3.13
DCT_RE_depth=10_rmse=17.79,4,29,4,FAIL,2.56
DCT_RE_depth=10_rmse=17.79,5,41,0,FAIL,0.92
DCT_RE_depth=10_rmse=17.79,5,40,0,FAIL,1
DCT_RE_depth=10_rmse=17.79,5,29,4,FAIL,4.18
DCT_RE_depth=10_rmse=17.79,3,1,16,FAIL,16.11
DCT_RE_depth=10_rmse=17.79,4,0,18,FINISH,19.64
DCT_RE_depth=10_rmse=17.79,3,7,3,FAIL,4.18
DCT_RE_depth=10_rmse=17.79,5,25,10,FAIL,8.65
DCT_RE_depth=10_rmse=17.79,4,28,0,FAIL,1.26
DCT_RE_depth=10_rmse=17.79,5,36,0,FAIL,1.64
DCT_RE_depth=10_rmse=17.79,4,20,5,FAIL,4.07
DCT_RE_depth=10_rmse=17.79,5,17,11,FAIL,9.86
DCT_RE_depth=10_rmse=17.79,4,18,11,FAIL,8.81
DCT_RE_depth=10_rmse=17.79,4,20,5,FAIL,4.07
DCT_RE_depth=10_rmse=17.79,4,29,0,FAIL,1.3
DCT_RE_depth=10_rmse=17.79,4,18,3,FAIL,2.53
DCT_RE_depth=10_rmse=17.79,4,22,0,FAIL,1.51
DCT_RE_depth=10_rmse=17.79,5,0,24,FINISH,23.93
DCT_RE_depth=10_rmse=17.79,4,29,4,FAIL,2.56
DCT_RE_depth=10_rmse=17.79,4,28,4,FAIL,2.51
DCT_RE_depth=10_rmse=17.79,5,16,11,FAIL,10.39
DCT_RE_depth=10_rmse=17.79,4,25,0,FAIL,1.48
DCT_RE_depth=10_rmse=17.79,5,1,16,FAIL,14.1
DCT_RE_depth=10_rmse=17.79,5,41,1,FAIL,1.61
DCT_RE_depth=10_rmse=17.79,5,40,2,FAIL,0.66
DCT_RE_depth=10_rmse=17.79,5,31,7,FAIL,5.16
DCT_RE_depth=10_rmse=17.79,5,38,4,FAIL,3.96
DCT_RE_depth=10_rmse=17.79,5,16,11,FAIL,10.39
RandomForest_RE_rmse=11.90,2,3,9,FAIL,8.26
RandomForest_RE_rmse=11.90,2,10,1,FAIL,1.55
RandomForest_RE_rmse=11.90,2,13,1,FAIL,1.54
RandomForest_RE_rmse=11.90,2,8,4,FAIL,4.4
RandomForest_RE_rmse=11.90,2,12,4,FAIL,2.95
RandomForest_RE_rmse=11.90,3,24,1,FAIL,1.6
RandomForest_RE_rmse=11.90,3,22,0,FAIL,1.3
RandomForest_RE_rmse=11.90,3,9,12,FAIL,10.68
RandomForest_RE_rmse=11.90,3,27,1,FAIL,0.63
RandomForest_RE_rmse=11.90,4,19,7,FAIL,7.38
RandomForest_RE_rmse=11.90,3,17,0,FAIL,1.4
RandomForest_RE_rmse=11.90,2,1,27,FAIL,30.61
RandomForest_RE_rmse=11.90,3,21,2,FAIL,2.83
RandomForest_RE_rmse=11.90,2,15,1,FAIL,0.65
RandomForest_RE_rmse=11.90,4,3,13,FAIL,12.37
RandomForest_RE_rmse=11.90,5,42,1,FAIL,0.46
RandomForest_RE_rmse=11.90,2,16,0,FAIL,0.64
RandomForest_RE_rmse=11.90,2,11,2,FAIL,2.12
RandomForest_RE_rmse=11.90,4,12,10,FAIL,9.19
RandomForest_RE_rmse=11.90,5,26,10,FAIL,9.75
RandomForest_RE_rmse=11.90,5,17,4,FAIL,4.58
RandomForest_RE_rmse=11.90,4,14,12,FAIL,10.09
RandomForest_RE_rmse=11.90,3,2,28,FAIL,30.88
RandomForest_RE_rmse=11.90,4,16,7,FAIL,6.58
RandomForest_RE_rmse=11.90,5,25,11,FAIL,11.01
RandomForest_RE_rmse=11.90,5,42,1,FAIL,0.66
RandomForest_RE_rmse=11.90,2,3,26,FAIL,30.31
RandomForest_RE_rmse=11.90,3,11,11,FAIL,10.35
RandomForest_RE_rmse=11.90,3,22,2,FAIL,2.5
RandomForest_RE_rmse=11.90,5,17,4,FAIL,4.58
RandomForest_RE_rmse=11.90,4,14,11,FAIL,9.7
RandomForest_RE_rmse=11.90,2,6,5,FAIL,5.81
RandomForest_RE_rmse=11.90,4,26,0,FAIL,1.01
RandomForest_RE_rmse=11.90,2,12,2,FAIL,2.95
RandomForest_RE_rmse=11.90,3,3,6,FAIL,6.66
RandomForest_RE_rmse=11.90,2,15,2,FAIL,0.74
RandomForest_RE_rmse=11.90,3,19,5,FAIL,4.02
RandomForest_RE_rmse=11.90,5,21,14,FAIL,13.83
RandomForest_RE_rmse=11.90,2,11,2,FAIL,2.12
RandomForest_RE_rmse=11.90,4,2,12,FAIL,13.19
RandomForest_RE_rmse=11.90,2,10,2,FAIL,1.48
RandomForest_RE_rmse=11.90,2,11,2,FAIL,1.03
RandomForest_RE_rmse=11.90,4,23,6,FAIL,5.47
RandomForest_RE_rmse=11.90,5,0,13,FINISH,12.43
RandomForest_RE_rmse=11.90,2,0,4,FINISH,5.67
RandomForest_RE_rmse=11.90,3,2,15,FAIL,16.1
RandomForest_RE_rmse=11.90,4,11,6,FAIL,5.59
RandomForest_RE_rmse=11.90,2,12,2,FAIL,1.56
RandomForest_RE_rmse=11.90,4,24,1,FAIL,2.17
RandomForest_RE_rmse=11.90,2,12,2,FAIL,1.03
RandomForest_RE_rmse=11.90,5,0,10,FINISH,10.2
RandomForest_RE_rmse=11.90,3,0,9,FINISH,10.29
RandomForest_RE_rmse=11.90,2,12,0,FAIL,1.02
RandomForest_RE_rmse=11.90,4,25,4,FAIL,3.56
RandomForest_RE_rmse=11.90,5,29,5,FAIL,3.87
RandomForest_RE_rmse=11.90,3,21,2,FAIL,2.66
RandomForest_RE_rmse=11.90,5,40,0,FAIL,1.02
RandomForest_RE_rmse=11.90,2,2,5,FAIL,5.77
RandomForest_RE_rmse=11.90,4,26,5,FAIL,4.22
RandomForest_RE_rmse=11.90,3,24,4,FAIL,2.48
RandomForest_RE_rmse=11.90,4,29,1,FAIL,1.54
RandomForest_RE_rmse=11.90,3,22,3,FAIL,2.54
RandomForest_RE_rmse=11.90,4,23,3,FAIL,3.85
RandomForest_RE_rmse=11.90,4,28,0,FAIL,1.26
RandomForest_RE_rmse=11.90,5,9,16,FAIL,16.47
RandomForest_RE_rmse=11.90,4,29,2,FAIL,1.83
RandomForest_RE_rmse=11.90,3,4,15,FAIL,14.39
RandomForest_RE_rmse=11.90,5,34,7,FAIL,5.09
RandomForest_RE_rmse=11.90,3,27,1,FAIL,0.63
RandomForest_RE_rmse=11.90,4,21,4,FAIL,4.41
RandomForest_RE_rmse=11.90,4,25,2,FAIL,1.48
RandomForest_RE_rmse=11.90,5,32,9,FAIL,6.81
RandomForest_RE_rmse=11.90,4,14,6,FAIL,6.11
RandomForest_RE_rmse=11.90,3,1,16,FAIL,15.93
RandomForest_RE_rmse=11.90,5,21,13,FAIL,12.71
RandomForest_RE_rmse=11.90,4,13,8,FAIL,8
RandomForest_RE_rmse=11.90,4,19,8,FAIL,6.84
RandomForest_RE_rmse=11.90,3,0,14,FINISH,14.89
RandomForest_RE_rmse=11.90,4,26,2,FAIL,1.48
RandomForest_RE_rmse=11.90,5,11,16,FAIL,14.81
RandomForest_RE_rmse=11.90,3,21,2,FAIL,2.81
RandomForest_RE_rmse=11.90,5,37,2,FAIL,1.58
RandomForest_RE_rmse=11.90,4,13,6,FAIL,6.42
RandomForest_RE_rmse=11.90,3,8,8,FAIL,9.36
RandomForest_RE_rmse=11.90,4,24,5,FAIL,4.68
RandomForest_RE_rmse=11.90,5,24,11,FAIL,9.34
RandomForest_RE_rmse=11.90,3,21,5,FAIL,4.24
RandomForest_RE_rmse=11.90,4,28,1,FAIL,1.55
RandomForest_RE_rmse=11.90,5,38,1,FAIL,1.6
RandomForest_RE_rmse=11.90,4,26,0,FAIL,1.01
RandomForest_RE_rmse=11.90,4,23,3,FAIL,3.85
RandomForest_RE_rmse=11.90,5,22,12,FAIL,12.14
RandomForest_RE_rmse=11.90,4,16,8,FAIL,7.43
RandomForest_RE_rmse=11.90,4,26,2,FAIL,1.48
RandomForest_RE_rmse=11.90,5,25,8,FAIL,8.14
RandomForest_RE_rmse=11.90,3,4,27,FAIL,30.68
RandomForest_RE_rmse=11.90,5,10,5,FAIL,4.48
RandomForest_RE_rmse=11.90,3,23,1,FAIL,2.11
RandomForest_RE_rmse=11.90,3,19,3,FAIL,3.08
RandomForest_RE_rmse=11.90,5,31,6,FAIL,6.3
RandomForest_RE_rmse=11.90,3,25,2,FAIL,0.66
RandomForest_RE_rmse=11.90,5,38,1,FAIL,1.6
RandomForest_RE_rmse=11.90,3,10,10,FAIL,8.61
RandomForest_RE_rmse=11.90,5,11,11,FAIL,10.79
RandomForest_RE_rmse=11.90,3,17,3,FAIL,4.13
RandomForest_RE_rmse=11.90,5,3,14,FAIL,13.75
RandomForest_RE_rmse=11.90,5,42,1,FAIL,0.66
RandomForest_RE_rmse=11.90,3,0,14,FINISH,14.89
RandomForest_RE_rmse=11.90,5,18,8,FAIL,7.57
RandomForest_RE_rmse=11.90,5,16,12,FAIL,11.32
DCT_CL_depth=10_acc=0.63,1,2,2,FAIL,2.44
DCT_CL_depth=10_acc=0.63,1,5,0,FAIL,0.63
DCT_CL_depth=10_acc=0.63,1,4,0,FAIL,0.85
DCT_CL_depth=10_acc=0.63,1,4,1,FAIL,1.23
DCT_CL_depth=10_acc=0.63,2,10,0,FAIL,1.48
DCT_CL_depth=10_acc=0.63,1,3,0,FAIL,0.82
DCT_CL_depth=10_acc=0.63,2,13,0,FAIL,0.68
DCT_CL_depth=10_acc=0.63,1,4,0,FAIL,0.55
DCT_CL_depth=10_acc=0.63,2,15,0,FAIL,0.8
DCT_CL_depth=10_acc=0.63,3,13,1,FAIL,2.09
DCT_CL_depth=10_acc=0.63,1,3,0,FAIL,0.99
DCT_CL_depth=10_acc=0.63,2,15,0,FAIL,0.65
DCT_CL_depth=10_acc=0.63,3,23,2,FAIL,2.42
DCT_CL_depth=10_acc=0.63,1,4,0,FAIL,1.22
DCT_CL_depth=10_acc=0.63,4,31,0,FAIL,0.79
DCT_CL_depth=10_acc=0.63,2,5,2,FAIL,2.6
DCT_CL_depth=10_acc=0.63,3,26,0,FAIL,0.79
DCT_CL_depth=10_acc=0.63,1,4,1,FAIL,0.67
DCT_CL_depth=10_acc=0.63,4,29,0,FAIL,1.02
DCT_CL_depth=10_acc=0.63,2,12,0,FAIL,1.03
DCT_CL_depth=10_acc=0.63,3,24,0,FAIL,1.29
DCT_CL_depth=10_acc=0.63,1,3,0,FAIL,1.01
DCT_CL_depth=10_acc=0.63,2,10,0,FAIL,1.01
DCT_CL_depth=10_acc=0.63,3,26,0,FAIL,0.86
DCT_CL_depth=10_acc=0.63,4,18,2,FAIL,2.6
DCT_CL_depth=10_acc=0.63,1,3,0,FAIL,0.99
DCT_CL_depth=10_acc=0.63,5,42,0,FAIL,0.66
DCT_CL_depth=10_acc=0.63,2,16,0,FAIL,0.64
DCT_CL_depth=10_acc=0.63,4,30,0,FAIL,0.54
DCT_CL_depth=10_acc=0.63,3,24,0,FAIL,1.02
DCT_CL_depth=10_acc=0.63,1,4,0,FAIL,0.92
DCT_CL_depth=10_acc=0.63,5,39,1,FAIL,1.37
DCT_CL_depth=10_acc=0.63,2,15,0,FAIL,0.84
DCT_CL_depth=10_acc=0.63,4,31,0,FAIL,0.86
DCT_CL_depth=10_acc=0.63,3,16,1,FAIL,1.47
DCT_CL_depth=10_acc=0.63,1,3,0,FAIL,1.01
DCT_CL_depth=10_acc=0.63,5,42,0,FAIL,0.86
DCT_CL_depth=10_acc=0.63,2,11,0,FAIL,1.28
DCT_CL_depth=10_acc=0.63,4,31,0,FAIL,0.79
DCT_CL_depth=10_acc=0.63,3,26,0,FAIL,0.95
DCT_CL_depth=10_acc=0.63,1,4,0,FAIL,0.93
DCT_CL_depth=10_acc=0.63,5,43,0,FAIL,0.63
DCT_CL_depth=10_acc=0.63,2,14,0,FAIL,0.54
DCT_CL_depth=10_acc=0.63,3,24,0,FAIL,0.68
DCT_CL_depth=10_acc=0.63,4,31,0,FAIL,0.81
DCT_CL_depth=10_acc=0.63,1,3,1,FAIL,1.88
DCT_CL_depth=10_acc=0.63,5,40,1,FAIL,1.39
DCT_CL_depth=10_acc=0.63,2,14,0,FAIL,0.82
DCT_CL_depth=10_acc=0.63,4,31,0,FAIL,0.81
DCT_CL_depth=10_acc=0.63,3,26,0,FAIL,0.81
DCT_CL_depth=10_acc=0.63,5,42,0,FAIL,0.66
DCT_CL_depth=10_acc=0.63,1,3,0,FAIL,1.28
DCT_CL_depth=10_acc=0.63,2,5,1,FAIL,2.09
DCT_CL_depth=10_acc=0.63,3,26,0,FAIL,0.82
DCT_CL_depth=10_acc=0.63,4,26,0,FAIL,1.29
DCT_CL_depth=10_acc=0.63,1,4,0,FAIL,0.77
DCT_CL_depth=10_acc=0.63,5,0,24,FINISH,21.33
DCT_CL_depth=10_acc=0.63,2,12,0,FAIL,1.26
DCT_CL_depth=10_acc=0.63,4,31,0,FAIL,0.65
DCT_CL_depth=10_acc=0.63,3,26,0,FAIL,0.75
DCT_CL_depth=10_acc=0.63,5,41,0,FAIL,0.76
DCT_CL_depth=10_acc=0.63,1,0,4,FINISH,1.28
DCT_CL_depth=10_acc=0.63,2,14,0,FAIL,0.82
DCT_CL_depth=10_acc=0.63,4,28,0,FAIL,1.26
DCT_CL_depth=10_acc=0.63,3,0,8,FINISH,1.47
DCT_CL_depth=10_acc=0.63,5,43,0,FAIL,0.63
DCT_CL_depth=10_acc=0.63,2,14,0,FAIL,0.75
DCT_CL_depth=10_acc=0.63,1,1,1,FAIL,2.68
DCT_CL_depth=10_acc=0.63,4,0,13,FINISH,0.78
DCT_CL_depth=10_acc=0.63,2,15,0,FAIL,0.64
DCT_CL_depth=10_acc=0.63,5,18,1,FAIL,1.94
DCT_CL_depth=10_acc=0.63,1,2,2,FAIL,2.63
DCT_CL_depth=10_acc=0.63,3,11,5,FAIL,5.44
DCT_CL_depth=10_acc=0.63,5,40,0,FAIL,1.28
DCT_CL_depth=10_acc=0.63,2,7,1,FAIL,2.1
DCT_CL_depth=10_acc=0.63,1,3,0,FAIL,1.01
DCT_CL_depth=10_acc=0.63,4,31,0,FAIL,0.57
DCT_CL_depth=10_acc=0.63,3,25,0,FAIL,0.8
DCT_CL_depth=10_acc=0.63,5,42,0,FAIL,0.66
DCT_CL_depth=10_acc=0.63,2,5,0,FAIL,1.19
DCT_CL_depth=10_acc=0.63,1,4,0,FAIL,0.58
DCT_CL_depth=10_acc=0.63,3,25,1,FAIL,1.4
DCT_CL_depth=10_acc=0.63,5,40,0,FAIL,1.02
DCT_CL_depth=10_acc=0.63,4,27,2,FAIL,2.47
DCT_CL_depth=10_acc=0.63,2,12,0,FAIL,1.26
DCT_CL_depth=10_acc=0.63,1,3,1,FAIL,1.88
DCT_CL_depth=10_acc=0.63,5,41,0,FAIL,0.67
DCT_CL_depth=10_acc=0.63,4,30,0,FAIL,0.75
DCT_CL_depth=10_acc=0.63,3,26,0,FAIL,0.82
DCT_CL_depth=10_acc=0.63,2,12,1,FAIL,1.35
DCT_CL_depth=10_acc=0.63,5,42,0,FAIL,0.82
DCT_CL_depth=10_acc=0.63,4,29,0,FAIL,0.99
DCT_CL_depth=10_acc=0.63,2,15,0,FAIL,0.66
DCT_CL_depth=10_acc=0.63,3,23,1,FAIL,1.61
DCT_CL_depth=10_acc=0.63,1,0,6,FINISH,6.93
DCT_CL_depth=10_acc=0.63,5,43,0,FAIL,0.63
DCT_CL_depth=10_acc=0.63,2,15,0,FAIL,0.85
DCT_CL_depth=10_acc=0.63,4,30,0,FAIL,0.82
DCT_CL_depth=10_acc=0.63,3,24,1,FAIL,1.38
DCT_CL_depth=10_acc=0.63,1,4,0,FAIL,0.76
DCT_CL_depth=10_acc=0.63,5,40,1,FAIL,1.4
DCT_CL_depth=10_acc=0.63,4,29,0,FAIL,1.02
DCT_CL_depth=10_acc=0.63,3,22,0,FAIL,1.3
DCT_CL_depth=10_acc=0.63,2,7,1,FAIL,2.1
DCT_CL_depth=10_acc=0.63,1,2,2,FAIL,2.44
DCT_CL_depth=10_acc=0.63,3,24,0,FAIL,1
DCT_CL_depth=10_acc=0.63,5,29,3,FAIL,3.1
DCT_CL_depth=10_acc=0.63,4,17,0,FAIL,2.69
DCT_CL_depth=10_acc=0.63,2,6,2,FAIL,2.33
DCT_CL_depth=10_acc=0.63,1,3,1,FAIL,1.88
DCT_CL_depth=10_acc=0.63,3,24,0,FAIL,1.02
DCT_CL_depth=10_acc=0.63,5,41,0,FAIL,0.67
DCT_CL_depth=10_acc=0.63,4,31,0,FAIL,0.83
DCT_CL_depth=10_acc=0.63,2,11,0,FAIL,1.28
DCT_CL_depth=10_acc=0.63,1,3,0,FAIL,0.75
DCT_CL_depth=10_acc=0.63,3,0,10,FINISH,0.64
DCT_CL_depth=10_acc=0.63,5,42,0,FAIL,0.67
DCT_CL_depth=10_acc=0.63,4,26,0,FAIL,1.01
DCT_CL_depth=10_acc=0.63,2,12,0,FAIL,0.67
DCT_CL_depth=10_acc=0.63,3,24,1,FAIL,1.35
DCT_CL_depth=10_acc=0.63,5,39,1,FAIL,1.33
DCT_CL_depth=10_acc=0.63,2,13,0,FAIL,1.3
DCT_CL_depth=10_acc=0.63,4,30,2,FAIL,1.57
DCT_CL_depth=10_acc=0.63,1,0,6,FINISH,6.93
DCT_CL_depth=10_acc=0.63,3,26,0,FAIL,0.86
DCT_CL_depth=10_acc=0.63,5,42,0,FAIL,0.78
DCT_CL_depth=10_acc=0.63,2,12,2,FAIL,2.46
DCT_CL_depth=10_acc=0.63,4,28,2,FAIL,2.34
DCT_CL_depth=10_acc=0.63,1,4,0,FAIL,0.84
DCT_CL_depth=10_acc=0.63,5,42,0,FAIL,0.57
DCT_CL_depth=10_acc=0.63,3,24,1,FAIL,1.37
DCT_CL_depth=10_acc=0.63,4,29,0,FAIL,1.02
DCT_CL_depth=10_acc=0.63,5,40,0,FAIL,1.01
DCT_CL_depth=10_acc=0.63,2,6,2,FAIL,2.33
DCT_CL_depth=10_acc=0.63,3,26,0,FAIL,0.75
DCT_CL_depth=10_acc=0.63,4,31,0,FAIL,0.79
DCT_CL_depth=10_acc=0.63,5,42,0,FAIL,0.66
DCT_CL_depth=10_acc=0.63,3,21,3,FAIL,3.36
DCT_CL_depth=10_acc=0.63,5,41,0,FAIL,0.67
DCT_CL_depth=10_acc=0.63,4,27,0,FAIL,1.29
DCT_CL_depth=10_acc=0.63,3,24,0,FAIL,0.99
DCT_CL_depth=10_acc=0.63,4,31,0,FAIL,0.76
DCT_CL_depth=10_acc=0.63,5,40,1,FAIL,1.39
DCT_CL_depth=10_acc=0.63,3,26,0,FAIL,0.79
DCT_CL_depth=10_acc=0.63,4,28,0,FAIL,1.02
DCT_CL_depth=10_acc=0.63,5,40,1,FAIL,1.4
DCT_CL_depth=10_acc=0.63,4,30,0,FAIL,0.66
DCT_CL_depth=10_acc=0.63,5,32,0,FAIL,1.77
DCT_CL_depth=10_acc=0.63,4,30,1,FAIL,1.39
DCT_CL_depth=10_acc=0.63,5,40,2,FAIL,2.4
KNN_CL_k=17_acc=0.64,4,0,28,FINISH,30.1
KNN_CL_k=17_acc=0.64,5,29,9,FAIL,7.74
KNN_CL_k=17_acc=0.64,5,37,3,FAIL,1.9
KNN_CL_k=17_acc=0.64,4,5,4,FAIL,5.56
KNN_CL_k=17_acc=0.64,3,1,6,FAIL,8.45
KNN_CL_k=17_acc=0.64,2,6,1,FAIL,1.91
KNN_CL_k=17_acc=0.64,2,15,1,FAIL,0.85
KNN_CL_k=17_acc=0.64,1,1,4,FAIL,5.6
KNN_CL_k=17_acc=0.64,3,1,6,FAIL,9.16
KNN_CL_k=17_acc=0.64,4,0,14,FINISH,16.13
KNN_CL_k=17_acc=0.64,1,2,2,FAIL,3.08
KNN_CL_k=17_acc=0.64,1,4,0,FAIL,0.78
KNN_CL_k=17_acc=0.64,5,0,18,FINISH,22.94
KNN_CL_k=17_acc=0.64,4,26,4,FAIL,4.06
KNN_CL_k=17_acc=0.64,3,0,10,FINISH,10.79
KNN_CL_k=17_acc=0.64,1,0,3,FINISH,3.22
KNN_CL_k=17_acc=0.64,4,28,2,FAIL,1
KNN_CL_k=17_acc=0.64,5,34,3,FAIL,3.49
KNN_CL_k=17_acc=0.64,4,16,5,FAIL,5.78
KNN_CL_k=17_acc=0.64,1,1,5,FAIL,6.6
KNN_CL_k=17_acc=0.64,2,1,27,FAIL,30.65
KNN_CL_k=17_acc=0.64,3,0,10,FINISH,10.79
KNN_CL_k=17_acc=0.64,1,4,0,FAIL,0.8
KNN_CL_k=17_acc=0.64,4,6,4,FAIL,5.31
KNN_CL_k=17_acc=0.64,1,0,2,FINISH,2.44
KNN_CL_k=17_acc=0.64,2,1,9,FAIL,10.86
KNN_CL_k=17_acc=0.64,5,0,20,FINISH,22.04
KNN_CL_k=17_acc=0.64,1,1,4,FAIL,4.75
KNN_CL_k=17_acc=0.64,2,13,1,FAIL,0.99
KNN_CL_k=17_acc=0.64,1,0,3,FINISH,4.05
KNN_CL_k=17_acc=0.64,4,0,15,FINISH,16.15
KNN_CL_k=17_acc=0.64,5,0,12,FINISH,12.26
KNN_CL_k=17_acc=0.64,1,3,3,FAIL,2.89
KNN_CL_k=17_acc=0.64,3,4,23,FAIL,28.34
KNN_CL_k=17_acc=0.64,2,1,10,FAIL,12.48
KNN_CL_k=17_acc=0.64,4,0,7,FINISH,8.11
KNN_CL_k=17_acc=0.64,3,16,6,FAIL,6.28
KNN_CL_k=17_acc=0.64,5,20,10,FAIL,9.77
KNN_CL_k=17_acc=0.64,2,7,6,FAIL,6.77
KNN_CL_k=17_acc=0.64,4,16,3,FAIL,4.47
KNN_CL_k=17_acc=0.64,2,6,1,FAIL,1.91
KNN_CL_k=17_acc=0.64,3,0,7,FINISH,8.25
KNN_CL_k=17_acc=0.64,2,6,4,FAIL,5.24
KNN_CL_k=17_acc=0.64,5,8,7,FAIL,11.28
KNN_CL_k=17_acc=0.64,4,8,7,FAIL,9.74
KNN_CL_k=17_acc=0.64,1,1,26,FAIL,30.69
KNN_CL_k=17_acc=0.64,4,9,2,FAIL,3
KNN_CL_k=17_acc=0.64,3,4,11,FAIL,12.88
KNN_CL_k=17_acc=0.64,1,1,4,FAIL,5.6
KNN_CL_k=17_acc=0.64,1,4,0,FAIL,0.79
KNN_CL_k=17_acc=0.64,5,0,15,FINISH,17.42
KNN_CL_k=17_acc=0.64,1,3,2,FAIL,1.95
KNN_CL_k=17_acc=0.64,3,0,16,FINISH,16.28
KNN_CL_k=17_acc=0.64,1,1,4,FAIL,4.75
KNN_CL_k=17_acc=0.64,2,2,27,FAIL,31.93
KNN_CL_k=17_acc=0.64,1,4,0,FAIL,0.79
KNN_CL_k=17_acc=0.64,3,7,3,FAIL,4.71
KNN_CL_k=17_acc=0.64,5,0,13,FINISH,15.44
KNN_CL_k=17_acc=0.64,4,2,27,FAIL,30.4
KNN_CL_k=17_acc=0.64,1,0,2,FINISH,2.44
KNN_CL_k=17_acc=0.64,3,9,4,FAIL,4.32
KNN_CL_k=17_acc=0.64,1,3,3,FAIL,2.89
KNN_CL_k=17_acc=0.64,4,6,4,FAIL,5.31
KNN_CL_k=17_acc=0.64,5,11,6,FAIL,8.5
KNN_CL_k=17_acc=0.64,1,4,0,FAIL,0.79
KNN_CL_k=17_acc=0.64,3,12,2,FAIL,4.34
KNN_CL_k=17_acc=0.64,5,23,8,FAIL,7.74
KNN_CL_k=17_acc=0.64,4,0,11,FINISH,12.74
KNN_CL_k=17_acc=0.64,3,11,8,FAIL,7.9
KNN_CL_k=17_acc=0.64,2,3,28,FAIL,31.89
KNN_CL_k=17_acc=0.64,3,22,4,FAIL,2.74
KNN_CL_k=17_acc=0.64,4,25,5,FAIL,4.41
KNN_CL_k=17_acc=0.64,2,3,5,FAIL,3.95
KNN_CL_k=17_acc=0.64,5,13,12,FAIL,11.68
KNN_CL_k=17_acc=0.64,4,25,3,FAIL,3.55
KNN_CL_k=17_acc=0.64,5,34,3,FAIL,3.49
KNN_CL_k=17_acc=0.64,1,2,28,FAIL,32.6
KNN_CL_k=17_acc=0.64,3,1,16,FAIL,18.29
KNN_CL_k=17_acc=0.64,4,8,8,FAIL,11.04
KNN_CL_k=17_acc=0.64,3,26,0,FAIL,0.78
KNN_CL_k=17_acc=0.64,1,0,7,FINISH,7.3
KNN_CL_k=17_acc=0.64,4,20,6,FAIL,5.86
KNN_CL_k=17_acc=0.64,1,0,3,FINISH,3.22
KNN_CL_k=17_acc=0.64,3,11,3,FAIL,5.16
KNN_CL_k=17_acc=0.64,2,3,28,FAIL,31.89
KNN_CL_k=17_acc=0.64,4,25,5,FAIL,4.41
KNN_CL_k=17_acc=0.64,5,0,25,FINISH,26.19
KNN_CL_k=17_acc=0.64,2,8,2,FAIL,0.81
KNN_CL_k=17_acc=0.64,4,19,4,FAIL,4.77
KNN_CL_k=17_acc=0.64,2,7,1,FAIL,1.55
KNN_CL_k=17_acc=0.64,5,21,5,FAIL,5.04
KNN_CL_k=17_acc=0.64,5,35,3,FAIL,1.98
KNN_CL_k=17_acc=0.64,2,2,5,FAIL,6.01
KNN_CL_k=17_acc=0.64,5,37,4,FAIL,4.01
KNN_CL_k=17_acc=0.64,4,0,13,FINISH,13.89
KNN_CL_k=17_acc=0.64,2,5,3,FAIL,4.08
KNN_CL_k=17_acc=0.64,3,7,25,FAIL,30.62
KNN_CL_k=17_acc=0.64,1,2,29,FAIL,33.7
KNN_CL_k=17_acc=0.64,2,7,4,FAIL,4.04
KNN_CL_k=17_acc=0.64,5,23,8,FAIL,8
KNN_CL_k=17_acc=0.64,2,15,0,FAIL,0.78
KNN_CL_k=17_acc=0.64,1,1,4,FAIL,5.7
KNN_CL_k=17_acc=0.64,3,7,10,FAIL,9.76
KNN_CL_k=17_acc=0.64,2,4,2,FAIL,3.09
KNN_CL_k=17_acc=0.64,4,7,17,FAIL,15.37
KNN_CL_k=17_acc=0.64,4,27,2,FAIL,1
KNN_CL_k=17_acc=0.64,3,9,4,FAIL,4.32
KNN_CL_k=17_acc=0.64,5,3,19,FAIL,20.39
KNN_CL_k=17_acc=0.64,2,0,10,FINISH,12.1
KNN_CL_k=17_acc=0.64,3,7,8,FAIL,9.61
KNN_CL_k=17_acc=0.64,4,8,8,FAIL,11.04
KNN_CL_k=17_acc=0.64,2,7,4,FAIL,4.04
KNN_CL_k=17_acc=0.64,1,2,29,FAIL,33.7
KNN_CL_k=17_acc=0.64,5,0,15,FINISH,16.03
KNN_CL_k=17_acc=0.64,2,0,10,FINISH,12.1
KNN_CL_k=17_acc=0.64,1,0,4,FINISH,4.38
KNN_CL_k=17_acc=0.64,3,0,16,FINISH,16.33
KNN_CL_k=17_acc=0.64,2,3,4,FAIL,4.92
KNN_CL_k=17_acc=0.64,4,10,22,FAIL,25.01
KNN_CL_k=17_acc=0.64,1,1,5,FAIL,6.6
KNN_CL_k=17_acc=0.64,3,24,2,FAIL,1
KNN_CL_k=17_acc=0.64,4,27,2,FAIL,1
KNN_CL_k=17_acc=0.64,3,15,1,FAIL,1.23
KNN_CL_k=17_acc=0.64,1,0,6,FINISH,7.24
KNN_CL_k=17_acc=0.64,4,25,3,FAIL,3.55
KNN_CL_k=17_acc=0.64,2,0,9,FINISH,10.38
KNN_CL_k=17_acc=0.64,2,15,0,FAIL,0.78
KNN_CL_k=17_acc=0.64,1,3,1,FAIL,2.08
KNN_CL_k=17_acc=0.64,5,2,27,FAIL,30.51
KNN_CL_k=17_acc=0.64,2,15,2,FAIL,0.84
KNN_CL_k=17_acc=0.64,3,0,7,FINISH,8.25
KNN_CL_k=17_acc=0.64,1,0,6,FINISH,6.18
KNN_CL_k=17_acc=0.64,2,5,1,FAIL,2.33
KNN_CL_k=17_acc=0.64,5,7,6,FAIL,10.44
KNN_CL_k=17_acc=0.64,2,3,5,FAIL,3.95
KNN_CL_k=17_acc=0.64,5,42,0,FAIL,0.79
KNN_CL_k=17_acc=0.64,2,0,4,FINISH,5.27
KNN_CL_k=17_acc=0.64,5,37,4,FAIL,4.01
KNN_CL_k=17_acc=0.64,4,3,28,FAIL,31.61
KNN_CL_k=17_acc=0.64,4,30,2,FAIL,2.43
KNN_CL_k=17_acc=0.64,5,11,6,FAIL,8.5
KNN_CL_k=17_acc=0.64,3,1,6,FAIL,9.16
KNN_CL_k=17_acc=0.64,3,13,4,FAIL,3.56
KNN_CL_k=17_acc=0.64,5,1,7,FAIL,8.44
KNN_CL_k=17_acc=0.64,3,2,11,FAIL,12.15
KNN_CL_k=17_acc=0.64,5,0,14,FINISH,14.87
KNN_CL_k=17_acc=0.64,3,4,9,FAIL,9.8
KNN_CL_k=17_acc=0.64,5,20,10,FAIL,9.77
KNN_CL_k=17_acc=0.64,5,31,2,FAIL,2.3
KNN_CL_k=17_acc=0.64,3,4,11,FAIL,12.88
LinearRegression_RE_rmse=60.03,1,1,1,FAIL,2.24
LinearRegression_RE_rmse=60.03,1,5,0,FAIL,0.66
LinearRegression_RE_rmse=60.03,1,4,0,FAIL,0.54
LinearRegression_RE_rmse=60.03,2,8,1,FAIL,2.55
LinearRegression_RE_rmse=60.03,1,4,0,FAIL,1.25
LinearRegression_RE_rmse=60.03,2,15,0,FAIL,0.81
LinearRegression_RE_rmse=60.03,1,3,0,FAIL,1.21
LinearRegression_RE_rmse=60.03,2,5,0,FAIL,2.15
LinearRegression_RE_rmse=60.03,1,1,1,FAIL,2.24
LinearRegression_RE_rmse=60.03,2,15,0,FAIL,0.65
LinearRegression_RE_rmse=60.03,1,4,0,FAIL,1.22
LinearRegression_RE_rmse=60.03,2,15,0,FAIL,0.74
LinearRegression_RE_rmse=60.03,1,3,0,FAIL,0.82
LinearRegression_RE_rmse=60.03,2,11,0,FAIL,1.32
LinearRegression_RE_rmse=60.03,1,4,0,FAIL,0.74
LinearRegression_RE_rmse=60.03,2,8,0,FAIL,0.85
LinearRegression_RE_rmse=60.03,1,5,0,FAIL,0.66
LinearRegression_RE_rmse=60.03,2,7,1,FAIL,2.48
LinearRegression_RE_rmse=60.03,1,3,1,FAIL,2.42
LinearRegression_RE_rmse=60.03,1,4,0,FAIL,1.25
LinearRegression_RE_rmse=60.03,2,15,0,FAIL,0.65
LinearRegression_RE_rmse=60.03,1,4,0,FAIL,1.25
LinearRegression_RE_rmse=60.03,1,3,1,FAIL,1.56
LinearRegression_RE_rmse=60.03,2,11,2,FAIL,3.02
LinearRegression_RE_rmse=60.03,1,4,0,FAIL,0.72
LinearRegression_RE_rmse=60.03,1,4,0,FAIL,1.22
LinearRegression_RE_rmse=60.03,5,42,0,FAIL,0.68
LinearRegression_RE_rmse=60.03,2,15,0,FAIL,0.79
LinearRegression_RE_rmse=60.03,1,4,1,FAIL,1.59
LinearRegression_RE_rmse=60.03,5,42,0,FAIL,0.73
LinearRegression_RE_rmse=60.03,1,1,0,FAIL,1.28
LinearRegression_RE_rmse=60.03,2,15,0,FAIL,0.74
LinearRegression_RE_rmse=60.03,1,4,2,FAIL,0.56
LinearRegression_RE_rmse=60.03,5,42,0,FAIL,0.5
LinearRegression_RE_rmse=60.03,1,4,0,FAIL,1.22
LinearRegression_RE_rmse=60.03,2,10,0,FAIL,1.48
LinearRegression_RE_rmse=60.03,1,4,0,FAIL,1.2
LinearRegression_RE_rmse=60.03,4,28,1,FAIL,2.18
LinearRegression_RE_rmse=60.03,1,4,0,FAIL,0.74
LinearRegression_RE_rmse=60.03,1,4,0,FAIL,1.25
LinearRegression_RE_rmse=60.03,2,8,2,FAIL,3.12
LinearRegression_RE_rmse=60.03,4,31,0,FAIL,0.79
LinearRegression_RE_rmse=60.03,5,21,7,FAIL,5.79
LinearRegression_RE_rmse=60.03,1,2,1,FAIL,2.14
LinearRegression_RE_rmse=60.03,2,15,0,FAIL,0.52
LinearRegression_RE_rmse=60.03,4,31,0,FAIL,0.79
LinearRegression_RE_rmse=60.03,5,41,2,FAIL,0.65
LinearRegression_RE_rmse=60.03,1,3,1,FAIL,1.85
LinearRegression_RE_rmse=60.03,1,3,0,FAIL,1.28
LinearRegression_RE_rmse=60.03,4,30,0,FAIL,0.68
LinearRegression_RE_rmse=60.03,2,12,0,FAIL,1.54
LinearRegression_RE_rmse=60.03,1,3,0,FAIL,1.29
LinearRegression_RE_rmse=60.03,1,4,0,FAIL,0.94
LinearRegression_RE_rmse=60.03,5,30,4,FAIL,3.81
LinearRegression_RE_rmse=60.03,2,14,1,FAIL,0.54
LinearRegression_RE_rmse=60.03,4,31,0,FAIL,0.76
LinearRegression_RE_rmse=60.03,1,4,0,FAIL,0.91
LinearRegression_RE_rmse=60.03,1,2,1,FAIL,2.14
LinearRegression_RE_rmse=60.03,2,14,1,FAIL,0.54
LinearRegression_RE_rmse=60.03,4,31,0,FAIL,0.52
LinearRegression_RE_rmse=60.03,1,4,0,FAIL,0.8
LinearRegression_RE_rmse=60.03,1,4,0,FAIL,0.74
LinearRegression_RE_rmse=60.03,2,16,0,FAIL,0.64
LinearRegression_RE_rmse=60.03,4,31,0,FAIL,0.67
LinearRegression_RE_rmse=60.03,5,16,4,FAIL,6.32
LinearRegression_RE_rmse=60.03,1,5,0,FAIL,0.67
LinearRegression_RE_rmse=60.03,1,3,0,FAIL,1.24
LinearRegression_RE_rmse=60.03,2,15,0,FAIL,0.78
LinearRegression_RE_rmse=60.03,4,31,0,FAIL,0.53
LinearRegression_RE_rmse=60.03,1,4,0,FAIL,0.8
LinearRegression_RE_rmse=60.03,5,37,0,FAIL,1.58
LinearRegression_RE_rmse=60.03,1,4,1,FAIL,0.55
LinearRegression_RE_rmse=60.03,4,26,0,FAIL,0.5
LinearRegression_RE_rmse=60.03,2,12,1,FAIL,1.9
LinearRegression_RE_rmse=60.03,1,4,0,FAIL,0.93
LinearRegression_RE_rmse=60.03,1,4,0,FAIL,0.98
LinearRegression_RE_rmse=60.03,4,29,0,FAIL,0.5
LinearRegression_RE_rmse=60.03,5,24,4,FAIL,4.25
LinearRegression_RE_rmse=60.03,2,15,0,FAIL,0.7
LinearRegression_RE_rmse=60.03,1,4,0,FAIL,0.72
LinearRegression_RE_rmse=60.03,1,4,0,FAIL,1.25
LinearRegression_RE_rmse=60.03,4,30,0,FAIL,0.71
LinearRegression_RE_rmse=60.03,5,38,0,FAIL,0.47
LinearRegression_RE_rmse=60.03,1,4,0,FAIL,0.96
LinearRegression_RE_rmse=60.03,2,12,1,FAIL,1.9
LinearRegression_RE_rmse=60.03,1,4,0,FAIL,0.94
LinearRegression_RE_rmse=60.03,4,28,1,FAIL,1.56
LinearRegression_RE_rmse=60.03,5,41,2,FAIL,0.65
LinearRegression_RE_rmse=60.03,2,15,0,FAIL,0.8
LinearRegression_RE_rmse=60.03,1,4,0,FAIL,0.72
LinearRegression_RE_rmse=60.03,1,1,2,FAIL,2.98
LinearRegression_RE_rmse=60.03,4,31,2,FAIL,0.83
LinearRegression_RE_rmse=60.03,5,22,0,FAIL,0.81
LinearRegression_RE_rmse=60.03,2,15,0,FAIL,0.79
LinearRegression_RE_rmse=60.03,1,3,0,FAIL,1.28
LinearRegression_RE_rmse=60.03,4,28,0,FAIL,1.26
LinearRegression_RE_rmse=60.03,1,3,1,FAIL,1.84
LinearRegression_RE_rmse=60.03,5,26,0,FAIL,1.51
LinearRegression_RE_rmse=60.03,2,15,0,FAIL,0.53
LinearRegression_RE_rmse=60.03,4,31,2,FAIL,0.55
LinearRegression_RE_rmse=60.03,1,2,1,FAIL,2.14
LinearRegression_RE_rmse=60.03,1,4,0,FAIL,0.8
LinearRegression_RE_rmse=60.03,5,17,0,FAIL,0.9
LinearRegression_RE_rmse=60.03,2,7,1,FAIL,2.48
LinearRegression_RE_rmse=60.03,4,30,0,FAIL,0.75
LinearRegression_RE_rmse=60.03,5,42,0,FAIL,0.75
LinearRegression_RE_rmse=60.03,1,2,1,FAIL,2.14
LinearRegression_RE_rmse=60.03,2,15,0,FAIL,0.74
LinearRegression_RE_rmse=60.03,1,1,2,FAIL,2.95
LinearRegression_RE_rmse=60.03,1,4,0,FAIL,0.73
LinearRegression_RE_rmse=60.03,5,39,3,FAIL,1.55
LinearRegression_RE_rmse=60.03,2,13,0,FAIL,0.97
LinearRegression_RE_rmse=60.03,4,24,2,FAIL,3.4
LinearRegression_RE_rmse=60.03,1,4,0,FAIL,1.23
LinearRegression_RE_rmse=60.03,4,16,0,FAIL,0.58
LinearRegression_RE_rmse=60.03,2,11,0,FAIL,1.03
LinearRegression_RE_rmse=60.03,5,36,4,FAIL,2.83
LinearRegression_RE_rmse=60.03,1,4,0,FAIL,0.52
LinearRegression_RE_rmse=60.03,4,31,0,FAIL,0.81
LinearRegression_RE_rmse=60.03,5,42,0,FAIL,0.68
LinearRegression_RE_rmse=60.03,1,4,0,FAIL,0.78
LinearRegression_RE_rmse=60.03,4,31,0,FAIL,0.77
LinearRegression_RE_rmse=60.03,1,3,0,FAIL,0.53
LinearRegression_RE_rmse=60.03,4,28,0,FAIL,1.26
LinearRegression_RE_rmse=60.03,4,31,0,FAIL,0.51
LinearRegression_RE_rmse=60.03,1,1,1,FAIL,2.13
LinearRegression_RE_rmse=60.03,4,28,0,FAIL,0.49
LinearRegression_RE_rmse=60.03,1,3,0,FAIL,1.21
LinearRegression_RE_rmse=60.03,5,11,11,FAIL,14.9
LinearRegression_RE_rmse=60.03,4,32,0,FAIL,0.64
LinearRegression_RE_rmse=60.03,1,4,0,FAIL,0.96
LinearRegression_RE_rmse=60.03,5,42,0,FAIL,0.49
LinearRegression_RE_rmse=60.03,4,26,0,FAIL,0.5
LinearRegression_RE_rmse=60.03,1,4,0,FAIL,0.67
LinearRegression_RE_rmse=60.03,5,42,0,FAIL,0.7
LinearRegression_RE_rmse=60.03,1,4,1,FAIL,0.55
LinearRegression_RE_rmse=60.03,4,21,1,FAIL,2.39
LinearRegression_RE_rmse=60.03,4,31,0,FAIL,0.49
LinearRegression_RE_rmse=60.03,5,24,4,FAIL,4.25
LinearRegression_RE_rmse=60.03,5,42,0,FAIL,0.77
LinearRegression_RE_rmse=60.03,4,16,1,FAIL,3.57
LinearRegression_RE_rmse=60.03,5,30,0,FAIL,0.58
LinearRegression_RE_rmse=60.03,4,15,0,FAIL,0.81
LinearRegression_RE_rmse=60.03,5,43,0,FAIL,0.63
LinearRegression_RE_rmse=60.03,4,26,0,FAIL,0.5
LinearRegression_RE_rmse=60.03,5,7,13,FAIL,17.35
LinearRegression_RE_rmse=60.03,5,42,0,FAIL,0.68
LinearRegression_RE_rmse=60.03,5,36,1,FAIL,1.56
LinearRegression_RE_rmse=60.03,5,42,0,FAIL,0.73
LinearRegression_RE_rmse=60.03,5,42,0,FAIL,0.7
LogisticRegression_CL_acc=0.49,1,4,0,FAIL,0.81
LogisticRegression_CL_acc=0.49,1,4,0,FAIL,0.95
LogisticRegression_CL_acc=0.49,1,3,0,FAIL,0.86
LogisticRegression_CL_acc=0.49,1,4,0,FAIL,0.83
LogisticRegression_CL_acc=0.49,1,3,0,FAIL,0.53
LogisticRegression_CL_acc=0.49,1,3,0,FAIL,0.75
LogisticRegression_CL_acc=0.49,1,3,0,FAIL,0.86
LogisticRegression_CL_acc=0.49,1,4,0,FAIL,0.93
LogisticRegression_CL_acc=0.49,1,4,1,FAIL,1.92
LogisticRegression_CL_acc=0.49,1,4,0,FAIL,0.87
LogisticRegression_CL_acc=0.49,1,4,0,FAIL,0.89
LogisticRegression_CL_acc=0.49,1,4,0,FAIL,0.93
LogisticRegression_CL_acc=0.49,2,15,0,FAIL,0.86
LogisticRegression_CL_acc=0.49,3,25,0,FAIL,0.66
LogisticRegression_CL_acc=0.49,1,4,0,FAIL,0.74
LogisticRegression_CL_acc=0.49,2,15,0,FAIL,0.8
LogisticRegression_CL_acc=0.49,4,30,0,FAIL,0.66
LogisticRegression_CL_acc=0.49,3,25,1,FAIL,1.58
LogisticRegression_CL_acc=0.49,1,4,0,FAIL,0.95
LogisticRegression_CL_acc=0.49,2,11,0,FAIL,1.28
LogisticRegression_CL_acc=0.49,5,40,1,FAIL,1.56
LogisticRegression_CL_acc=0.49,4,30,1,FAIL,1.39
LogisticRegression_CL_acc=0.49,1,4,0,FAIL,0.59
LogisticRegression_CL_acc=0.49,3,25,1,FAIL,1.64
LogisticRegression_CL_acc=0.49,2,16,0,FAIL,0.64
LogisticRegression_CL_acc=0.49,5,41,1,FAIL,1.61
LogisticRegression_CL_acc=0.49,4,28,2,FAIL,2.51
LogisticRegression_CL_acc=0.49,3,25,0,FAIL,0.92
LogisticRegression_CL_acc=0.49,1,3,0,FAIL,1.27
LogisticRegression_CL_acc=0.49,2,14,0,FAIL,0.98
LogisticRegression_CL_acc=0.49,5,41,0,FAIL,0.65
LogisticRegression_CL_acc=0.49,4,18,0,FAIL,0.58
LogisticRegression_CL_acc=0.49,3,25,0,FAIL,0.67
LogisticRegression_CL_acc=0.49,1,4,0,FAIL,0.74
LogisticRegression_CL_acc=0.49,2,14,1,FAIL,1.64
LogisticRegression_CL_acc=0.49,5,40,1,FAIL,1.62
LogisticRegression_CL_acc=0.49,4,31,0,FAIL,0.84
LogisticRegression_CL_acc=0.49,1,4,0,FAIL,0.54
LogisticRegression_CL_acc=0.49,3,26,0,FAIL,0.82
LogisticRegression_CL_acc=0.49,2,10,1,FAIL,1.75
LogisticRegression_CL_acc=0.49,5,42,0,FAIL,0.83
LogisticRegression_CL_acc=0.49,4,30,0,FAIL,0.66
LogisticRegression_CL_acc=0.49,1,4,0,FAIL,0.79
LogisticRegression_CL_acc=0.49,3,24,0,FAIL,1.28
LogisticRegression_CL_acc=0.49,2,15,0,FAIL,0.86
LogisticRegression_CL_acc=0.49,5,39,0,FAIL,0.99
LogisticRegression_CL_acc=0.49,4,26,0,FAIL,1.29
LogisticRegression_CL_acc=0.49,3,24,0,FAIL,1.02
LogisticRegression_CL_acc=0.49,2,8,0,FAIL,0.85
LogisticRegression_CL_acc=0.49,5,32,0,FAIL,0.57
LogisticRegression_CL_acc=0.49,1,0,2,FINISH,3.15
LogisticRegression_CL_acc=0.49,4,31,0,FAIL,0.57
LogisticRegression_CL_acc=0.49,3,17,0,FAIL,0.76
LogisticRegression_CL_acc=0.49,5,42,0,FAIL,0.83
LogisticRegression_CL_acc=0.49,1,4,0,FAIL,0.88
LogisticRegression_CL_acc=0.49,2,13,1,FAIL,1.66
LogisticRegression_CL_acc=0.49,4,31,0,FAIL,0.84
LogisticRegression_CL_acc=0.49,3,25,0,FAIL,0.65
LogisticRegression_CL_acc=0.49,1,3,0,FAIL,0.99
LogisticRegression_CL_acc=0.49,2,15,0,FAIL,0.84
LogisticRegression_CL_acc=0.49,5,30,0,FAIL,2.16
LogisticRegression_CL_acc=0.49,4,26,0,FAIL,1.29
LogisticRegression_CL_acc=0.49,3,25,1,FAIL,1.6
LogisticRegression_CL_acc=0.49,1,4,0,FAIL,0.89
LogisticRegression_CL_acc=0.49,2,13,0,FAIL,0.97
LogisticRegression_CL_acc=0.49,5,41,1,FAIL,1.65
LogisticRegression_CL_acc=0.49,4,29,1,FAIL,1.59
LogisticRegression_CL_acc=0.49,3,24,1,FAIL,1.37
LogisticRegression_CL_acc=0.49,2,10,0,FAIL,1.48
LogisticRegression_CL_acc=0.49,5,40,0,FAIL,0.99
LogisticRegression_CL_acc=0.49,3,25,0,FAIL,0.67
LogisticRegression_CL_acc=0.49,4,27,1,FAIL,1.36
LogisticRegression_CL_acc=0.49,5,42,0,FAIL,0.66
LogisticRegression_CL_acc=0.49,2,5,1,FAIL,1.99
LogisticRegression_CL_acc=0.49,3,24,0,FAIL,1.28
LogisticRegression_CL_acc=0.49,4,28,1,FAIL,1.37
LogisticRegression_CL_acc=0.49,2,15,0,FAIL,0.86
LogisticRegression_CL_acc=0.49,3,26,0,FAIL,0.81
LogisticRegression_CL_acc=0.49,5,40,1,FAIL,1.62
LogisticRegression_CL_acc=0.49,4,30,1,FAIL,1.57
LogisticRegression_CL_acc=0.49,3,25,0,FAIL,0.51
LogisticRegression_CL_acc=0.49,5,41,0,FAIL,0.92
LogisticRegression_CL_acc=0.49,2,10,1,FAIL,1.75
LogisticRegression_CL_acc=0.49,4,31,0,FAIL,0.66
LogisticRegression_CL_acc=0.49,3,23,0,FAIL,0.47
LogisticRegression_CL_acc=0.49,5,41,0,FAIL,0.65
LogisticRegression_CL_acc=0.49,2,5,0,FAIL,1.19
LogisticRegression_CL_acc=0.49,4,29,0,FAIL,1.3
LogisticRegression_CL_acc=0.49,3,26,0,FAIL,0.5
LogisticRegression_CL_acc=0.49,5,42,0,FAIL,0.54
LogisticRegression_CL_acc=0.49,2,15,0,FAIL,0.8
LogisticRegression_CL_acc=0.49,4,31,0,FAIL,0.52
LogisticRegression_CL_acc=0.49,3,25,0,FAIL,0.67
LogisticRegression_CL_acc=0.49,5,26,0,FAIL,1.51
LogisticRegression_CL_acc=0.49,2,13,1,FAIL,1.56
LogisticRegression_CL_acc=0.49,4,29,0,FAIL,1.27
LogisticRegression_CL_acc=0.49,3,26,0,FAIL,0.66
LogisticRegression_CL_acc=0.49,5,42,0,FAIL,0.49
LogisticRegression_CL_acc=0.49,2,15,0,FAIL,0.53
LogisticRegression_CL_acc=0.49,4,29,0,FAIL,0.97
LogisticRegression_CL_acc=0.49,5,40,0,FAIL,1.28
LogisticRegression_CL_acc=0.49,3,20,3,FAIL,3.35
LogisticRegression_CL_acc=0.49,2,13,0,FAIL,1.04
LogisticRegression_CL_acc=0.49,4,28,1,FAIL,1.37
LogisticRegression_CL_acc=0.49,5,40,1,FAIL,1.62
LogisticRegression_CL_acc=0.49,3,25,1,FAIL,1.6
LogisticRegression_CL_acc=0.49,4,31,0,FAIL,0.52
LogisticRegression_CL_acc=0.49,2,4,0,FAIL,1.08
LogisticRegression_CL_acc=0.49,3,13,0,FAIL,0.65
LogisticRegression_CL_acc=0.49,5,40,1,FAIL,1.33
LogisticRegression_CL_acc=0.49,2,5,0,FAIL,1.19
LogisticRegression_CL_acc=0.49,4,26,0,FAIL,1.48
LogisticRegression_CL_acc=0.49,3,24,0,FAIL,0.68
LogisticRegression_CL_acc=0.49,5,41,0,FAIL,0.67
LogisticRegression_CL_acc=0.49,4,29,0,FAIL,0.99
LogisticRegression_CL_acc=0.49,2,11,0,FAIL,1.03
LogisticRegression_CL_acc=0.49,3,16,0,FAIL,0.56
LogisticRegression_CL_acc=0.49,5,40,1,FAIL,1.62
LogisticRegression_CL_acc=0.49,2,12,0,FAIL,1.02
LogisticRegression_CL_acc=0.49,4,17,0,FAIL,2.69
LogisticRegression_CL_acc=0.49,3,17,0,FAIL,1.4
LogisticRegression_CL_acc=0.49,5,40,1,FAIL,1.59
LogisticRegression_CL_acc=0.49,2,14,1,FAIL,1.67
LogisticRegression_CL_acc=0.49,4,30,1,FAIL,1.64
LogisticRegression_CL_acc=0.49,3,24,1,FAIL,1.63
LogisticRegression_CL_acc=0.49,5,41,0,FAIL,0.8
LogisticRegression_CL_acc=0.49,2,13,0,FAIL,1.27
LogisticRegression_CL_acc=0.49,4,22,1,FAIL,1.71
LogisticRegression_CL_acc=0.49,5,41,0,FAIL,0.68
LogisticRegression_CL_acc=0.49,3,21,0,FAIL,1.35
LogisticRegression_CL_acc=0.49,2,7,0,FAIL,1.55
LogisticRegression_CL_acc=0.49,4,28,0,FAIL,0.67
LogisticRegression_CL_acc=0.49,3,20,0,FAIL,0.72
LogisticRegression_CL_acc=0.49,5,42,0,FAIL,0.81
LogisticRegression_CL_acc=0.49,2,5,0,FAIL,1.19
LogisticRegression_CL_acc=0.49,5,32,0,FAIL,0.57
LogisticRegression_CL_acc=0.49,3,24,0,FAIL,1.27
LogisticRegression_CL_acc=0.49,4,29,1,FAIL,1.59
LogisticRegression_CL_acc=0.49,2,14,1,FAIL,1.65
LogisticRegression_CL_acc=0.49,5,40,1,FAIL,1.56
LogisticRegression_CL_acc=0.49,4,26,1,FAIL,1.38
LogisticRegression_CL_acc=0.49,4,31,1,FAIL,0.67
LogisticRegression_CL_acc=0.49,5,41,1,FAIL,1.35
SVM_CL_C=1.0,1,2,1,FAIL,2.36
SVM_CL_C=1.0,2,8,1,FAIL,1.89
SVM_CL_C=1.0,3,23,1,FAIL,1.53
SVM_CL_C=1.0,1,3,1,FAIL,1.76
SVM_CL_C=1.0,4,29,2,FAIL,2.24
SVM_CL_C=1.0,2,12,1,FAIL,2.15
SVM_CL_C=1.0,5,26,0,FAIL,1.51
SVM_CL_C=1.0,1,2,1,FAIL,1.81
SVM_CL_C=1.0,3,23,2,FAIL,2.25
SVM_CL_C=1.0,4,30,2,FAIL,1.36
SVM_CL_C=1.0,2,14,0,FAIL,0.71
SVM_CL_C=1.0,5,39,2,FAIL,2.5
SVM_CL_C=1.0,1,3,1,FAIL,1.95
SVM_CL_C=1.0,3,20,1,FAIL,2.22
SVM_CL_C=1.0,2,13,1,FAIL,1.41
SVM_CL_C=1.0,4,27,1,FAIL,1.88
SVM_CL_C=1.0,5,41,1,FAIL,0.76
SVM_CL_C=1.0,3,17,0,FAIL,0.57
SVM_CL_C=1.0,1,2,1,FAIL,1.81
SVM_CL_C=1.0,2,13,1,FAIL,1.38
SVM_CL_C=1.0,4,29,2,FAIL,1.86
SVM_CL_C=1.0,5,41,1,FAIL,1.5
SVM_CL_C=1.0,1,0,2,FINISH,2.7
SVM_CL_C=1.0,2,14,2,FAIL,1.66
SVM_CL_C=1.0,3,21,3,FAIL,3.39
SVM_CL_C=1.0,4,31,1,FAIL,1.52
SVM_CL_C=1.0,5,39,2,FAIL,2.55
SVM_CL_C=1.0,1,2,1,FAIL,1.74
SVM_CL_C=1.0,3,24,1,FAIL,1.53
SVM_CL_C=1.0,2,11,2,FAIL,2.25
SVM_CL_C=1.0,4,22,1,FAIL,2.07
SVM_CL_C=1.0,5,35,1,FAIL,2.44
SVM_CL_C=1.0,1,3,1,FAIL,2.22
SVM_CL_C=1.0,2,13,1,FAIL,1.86
SVM_CL_C=1.0,4,27,1,FAIL,1.88
SVM_CL_C=1.0,3,10,3,FAIL,4.56
SVM_CL_C=1.0,5,37,2,FAIL,2.23
SVM_CL_C=1.0,2,15,1,FAIL,0.72
SVM_CL_C=1.0,4,30,1,FAIL,1.43
SVM_CL_C=1.0,1,2,1,FAIL,2.36
SVM_CL_C=1.0,5,42,1,FAIL,0.46
SVM_CL_C=1.0,3,22,2,FAIL,2.26
SVM_CL_C=1.0,2,12,1,FAIL,1.56
SVM_CL_C=1.0,4,29,3,FAIL,2.52
SVM_CL_C=1.0,1,2,1,FAIL,2.35
SVM_CL_C=1.0,5,41,1,FAIL,1.49
SVM_CL_C=1.0,3,22,1,FAIL,1.87
SVM_CL_C=1.0,2,8,1,FAIL,2.22
SVM_CL_C=1.0,4,31,1,FAIL,0.67
SVM_CL_C=1.0,1,3,1,FAIL,1.8
SVM_CL_C=1.0,5,42,0,FAIL,0.72
SVM_CL_C=1.0,3,22,1,FAIL,1.54
SVM_CL_C=1.0,2,14,1,FAIL,1.39
SVM_CL_C=1.0,4,29,1,FAIL,1.41
SVM_CL_C=1.0,5,38,1,FAIL,1.85
SVM_CL_C=1.0,3,23,1,FAIL,1.53
SVM_CL_C=1.0,1,1,3,FAIL,4.27
SVM_CL_C=1.0,4,29,2,FAIL,1.38
SVM_CL_C=1.0,2,11,1,FAIL,2.16
SVM_CL_C=1.0,5,41,1,FAIL,1.49
SVM_CL_C=1.0,3,23,1,FAIL,2.13
SVM_CL_C=1.0,2,14,1,FAIL,1.43
SVM_CL_C=1.0,1,2,1,FAIL,2.36
SVM_CL_C=1.0,4,24,2,FAIL,2.36
SVM_CL_C=1.0,3,23,1,FAIL,1.85
SVM_CL_C=1.0,5,28,3,FAIL,3.8
SVM_CL_C=1.0,1,3,2,FAIL,1.8
SVM_CL_C=1.0,4,24,1,FAIL,2.22
SVM_CL_C=1.0,2,6,1,FAIL,2.43
SVM_CL_C=1.0,5,42,0,FAIL,0.46
SVM_CL_C=1.0,3,19,4,FAIL,4.53
SVM_CL_C=1.0,2,13,1,FAIL,1.54
SVM_CL_C=1.0,4,29,1,FAIL,1.69
SVM_CL_C=1.0,1,0,3,FINISH,4.07
SVM_CL_C=1.0,5,40,1,FAIL,1.53
SVM_CL_C=1.0,4,29,1,FAIL,1.44
SVM_CL_C=1.0,2,14,2,FAIL,1.4
SVM_CL_C=1.0,3,24,2,FAIL,2.57
SVM_CL_C=1.0,5,37,2,FAIL,2.22
SVM_CL_C=1.0,1,0,3,FINISH,4.17
SVM_CL_C=1.0,2,9,1,FAIL,0.58
SVM_CL_C=1.0,3,23,2,FAIL,2.56
SVM_CL_C=1.0,4,15,1,FAIL,3.57
SVM_CL_C=1.0,5,37,2,FAIL,2.22
SVM_CL_C=1.0,1,1,1,FAIL,2.69
SVM_CL_C=1.0,4,25,2,FAIL,1.38
SVM_CL_C=1.0,2,13,1,FAIL,1.65
SVM_CL_C=1.0,3,23,2,FAIL,2.21
SVM_CL_C=1.0,5,38,2,FAIL,2.37
SVM_CL_C=1.0,1,3,1,FAIL,1.95
SVM_CL_C=1.0,4,25,1,FAIL,1.38
SVM_CL_C=1.0,2,10,1,FAIL,1.55
SVM_CL_C=1.0,5,26,0,FAIL,1.51
SVM_CL_C=1.0,3,21,1,FAIL,2.16
SVM_CL_C=1.0,1,1,1,FAIL,1.87
SVM_CL_C=1.0,4,31,0,FAIL,0.74
SVM_CL_C=1.0,2,14,2,FAIL,1.66
SVM_CL_C=1.0,3,16,1,FAIL,1.62
SVM_CL_C=1.0,5,32,1,FAIL,2.19
SVM_CL_C=1.0,1,0,2,FINISH,2.3
SVM_CL_C=1.0,2,13,1,FAIL,1.54
SVM_CL_C=1.0,4,29,1,FAIL,1.41
SVM_CL_C=1.0,5,39,1,FAIL,1.53
SVM_CL_C=1.0,3,23,1,FAIL,1.88
SVM_CL_C=1.0,1,3,1,FAIL,1.5
SVM_CL_C=1.0,4,30,1,FAIL,1.52
SVM_CL_C=1.0,2,7,1,FAIL,2.32
SVM_CL_C=1.0,5,41,1,FAIL,1.5
SVM_CL_C=1.0,3,22,2,FAIL,2.26
SVM_CL_C=1.0,1,0,2,FINISH,2.96
SVM_CL_C=1.0,4,30,1,FAIL,0.47
SVM_CL_C=1.0,2,12,1,FAIL,1.56
SVM_CL_C=1.0,5,42,0,FAIL,0.73
SVM_CL_C=1.0,3,23,1,FAIL,1.53
SVM_CL_C=1.0,1,1,2,FAIL,3.41
SVM_CL_C=1.0,5,40,1,FAIL,1.53
SVM_CL_C=1.0,4,24,1,FAIL,1.89
SVM_CL_C=1.0,2,6,2,FAIL,3.2
SVM_CL_C=1.0,3,20,2,FAIL,2.49
SVM_CL_C=1.0,1,3,2,FAIL,1.52
SVM_CL_C=1.0,5,37,1,FAIL,1.54
SVM_CL_C=1.0,3,26,1,FAIL,0.48
SVM_CL_C=1.0,4,28,1,FAIL,1.56
SVM_CL_C=1.0,2,8,1,FAIL,2.22
SVM_CL_C=1.0,1,2,1,FAIL,2.35
SVM_CL_C=1.0,3,26,0,FAIL,0.74
SVM_CL_C=1.0,5,34,1,FAIL,2.5
SVM_CL_C=1.0,2,12,2,FAIL,1.7
SVM_CL_C=1.0,4,26,2,FAIL,2.25
SVM_CL_C=1.0,1,0,2,FINISH,2.71
SVM_CL_C=1.0,5,37,2,FAIL,2.22
SVM_CL_C=1.0,2,15,0,FAIL,0.69
SVM_CL_C=1.0,3,19,3,FAIL,3.8
SVM_CL_C=1.0,4,30,2,FAIL,1.4
SVM_CL_C=1.0,5,42,0,FAIL,0.71
SVM_CL_C=1.0,1,1,3,FAIL,4.27
SVM_CL_C=1.0,3,23,1,FAIL,1.54
SVM_CL_C=1.0,4,25,2,FAIL,1.38
SVM_CL_C=1.0,2,12,1,FAIL,1.56
SVM_CL_C=1.0,5,32,2,FAIL,2.95
SVM_CL_C=1.0,4,30,0,FAIL,0.68
SVM_CL_C=1.0,1,0,1,FINISH,1.76
SVM_CL_C=1.0,3,20,1,FAIL,2.21
SVM_CL_C=1.0,2,6,1,FAIL,2.43
SVM_CL_C=1.0,5,39,2,FAIL,2.45
SVM_CL_C=1.0,1,2,1,FAIL,1.78
SVM_CL_C=1.0,3,23,2,FAIL,2.52
SVM_CL_C=1.0,4,25,2,FAIL,2.36
SVM_CL_C=1.0,3,20,1,FAIL,2.21
SVM_RE_ker=rbf_C=1.0,1,4,0,FAIL,1.2
SVM_RE_ker=rbf_C=1.0,1,4,0,FAIL,0.74
SVM_RE_ker=rbf_C=1.0,2,15,0,FAIL,0.77
SVM_RE_ker=rbf_C=1.0,1,4,0,FAIL,0.79
SVM_RE_ker=rbf_C=1.0,3,17,0,FAIL,1.4
SVM_RE_ker=rbf_C=1.0,4,26,0,FAIL,0.69
SVM_RE_ker=rbf_C=1.0,2,11,2,FAIL,3.02
SVM_RE_ker=rbf_C=1.0,1,4,0,FAIL,0.74
SVM_RE_ker=rbf_C=1.0,5,40,0,FAIL,0.48
SVM_RE_ker=rbf_C=1.0,3,27,0,FAIL,0.64
SVM_RE_ker=rbf_C=1.0,4,31,0,FAIL,0.48
SVM_RE_ker=rbf_C=1.0,5,42,0,FAIL,0.48
SVM_RE_ker=rbf_C=1.0,2,9,1,FAIL,2.17
SVM_RE_ker=rbf_C=1.0,1,1,2,FAIL,2.98
SVM_RE_ker=rbf_C=1.0,4,16,0,FAIL,0.58
SVM_RE_ker=rbf_C=1.0,5,42,0,FAIL,0.68
SVM_RE_ker=rbf_C=1.0,3,11,3,FAIL,3.95
SVM_RE_ker=rbf_C=1.0,4,31,2,FAIL,0.55
SVM_RE_ker=rbf_C=1.0,1,4,0,FAIL,0.96
SVM_RE_ker=rbf_C=1.0,2,11,2,FAIL,2.8
SVM_RE_ker=rbf_C=1.0,5,42,0,FAIL,0.67
SVM_RE_ker=rbf_C=1.0,3,25,0,FAIL,0.66
SVM_RE_ker=rbf_C=1.0,4,31,0,FAIL,0.49
SVM_RE_ker=rbf_C=1.0,1,5,0,FAIL,0.63
SVM_RE_ker=rbf_C=1.0,5,42,0,FAIL,0.77
SVM_RE_ker=rbf_C=1.0,3,15,0,FAIL,1.23
SVM_RE_ker=rbf_C=1.0,2,8,2,FAIL,2.73
SVM_RE_ker=rbf_C=1.0,4,25,1,FAIL,2.22
SVM_RE_ker=rbf_C=1.0,1,3,1,FAIL,2.42
SVM_RE_ker=rbf_C=1.0,5,42,0,FAIL,0.81
SVM_RE_ker=rbf_C=1.0,3,26,0,FAIL,0.74
SVM_RE_ker=rbf_C=1.0,2,14,0,FAIL,0.82
SVM_RE_ker=rbf_C=1.0,4,30,0,FAIL,0.82
SVM_RE_ker=rbf_C=1.0,5,32,0,FAIL,0.57
SVM_RE_ker=rbf_C=1.0,1,4,0,FAIL,1.25
SVM_RE_ker=rbf_C=1.0,2,15,0,FAIL,0.67
SVM_RE_ker=rbf_C=1.0,3,18,1,FAIL,2.88
SVM_RE_ker=rbf_C=1.0,1,4,0,FAIL,0.67
SVM_RE_ker=rbf_C=1.0,5,41,0,FAIL,0.8
SVM_RE_ker=rbf_C=1.0,4,25,1,FAIL,2.17
SVM_RE_ker=rbf_C=1.0,3,25,2,FAIL,0.65
SVM_RE_ker=rbf_C=1.0,2,8,2,FAIL,3.01
SVM_RE_ker=rbf_C=1.0,5,43,0,FAIL,0.64
SVM_RE_ker=rbf_C=1.0,4,31,0,FAIL,0.73
SVM_RE_ker=rbf_C=1.0,1,1,1,FAIL,2.03
SVM_RE_ker=rbf_C=1.0,2,8,0,FAIL,0.85
SVM_RE_ker=rbf_C=1.0,3,22,1,FAIL,2.17
SVM_RE_ker=rbf_C=1.0,1,4,0,FAIL,0.72
SVM_RE_ker=rbf_C=1.0,4,25,1,FAIL,1.89
SVM_RE_ker=rbf_C=1.0,5,37,1,FAIL,2.15
SVM_RE_ker=rbf_C=1.0,2,15,0,FAIL,0.76
SVM_RE_ker=rbf_C=1.0,5,42,0,FAIL,0.46
SVM_RE_ker=rbf_C=1.0,4,31,0,FAIL,0.51
SVM_RE_ker=rbf_C=1.0,1,4,0,FAIL,0.94
SVM_RE_ker=rbf_C=1.0,3,20,2,FAIL,2.83
SVM_RE_ker=rbf_C=1.0,2,14,0,FAIL,0.68
SVM_RE_ker=rbf_C=1.0,5,35,0,FAIL,0.51
SVM_RE_ker=rbf_C=1.0,4,30,0,FAIL,0.71
SVM_RE_ker=rbf_C=1.0,1,4,0,FAIL,0.73
SVM_RE_ker=rbf_C=1.0,2,11,2,FAIL,3.02
SVM_RE_ker=rbf_C=1.0,1,4,0,FAIL,0.67
SVM_RE_ker=rbf_C=1.0,3,7,3,FAIL,5.39
SVM_RE_ker=rbf_C=1.0,5,37,0,FAIL,1.58
SVM_RE_ker=rbf_C=1.0,4,25,1,FAIL,1.89
SVM_RE_ker=rbf_C=1.0,2,15,0,FAIL,0.72
SVM_RE_ker=rbf_C=1.0,3,26,0,FAIL,0.5
SVM_RE_ker=rbf_C=1.0,1,3,0,FAIL,1.29
SVM_RE_ker=rbf_C=1.0,4,24,2,FAIL,3.12
SVM_RE_ker=rbf_C=1.0,1,4,0,FAIL,0.73
SVM_RE_ker=rbf_C=1.0,2,3,1,FAIL,3.21
SVM_RE_ker=rbf_C=1.0,3,22,1,FAIL,2.17
SVM_RE_ker=rbf_C=1.0,5,21,6,FAIL,5.17
SVM_RE_ker=rbf_C=1.0,1,4,0,FAIL,0.54
SVM_RE_ker=rbf_C=1.0,2,15,0,FAIL,0.7
SVM_RE_ker=rbf_C=1.0,3,26,0,FAIL,0.79
SVM_RE_ker=rbf_C=1.0,5,38,1,FAIL,2.17
SVM_RE_ker=rbf_C=1.0,4,24,2,FAIL,3.12
SVM_RE_ker=rbf_C=1.0,1,3,1,FAIL,1.55
SVM_RE_ker=rbf_C=1.0,3,22,0,FAIL,1.3
SVM_RE_ker=rbf_C=1.0,2,7,1,FAIL,2.48
SVM_RE_ker=rbf_C=1.0,5,38,0,FAIL,0.47
SVM_RE_ker=rbf_C=1.0,4,26,1,FAIL,1.93
SVM_RE_ker=rbf_C=1.0,1,4,0,FAIL,0.76
SVM_RE_ker=rbf_C=1.0,3,26,0,FAIL,0.79
SVM_RE_ker=rbf_C=1.0,5,43,0,FAIL,0.63
SVM_RE_ker=rbf_C=1.0,4,30,0,FAIL,0.68
SVM_RE_ker=rbf_C=1.0,1,4,0,FAIL,0.74
SVM_RE_ker=rbf_C=1.0,2,5,3,FAIL,4.12
SVM_RE_ker=rbf_C=1.0,3,26,0,FAIL,0.5
SVM_RE_ker=rbf_C=1.0,1,4,0,FAIL,0.54
SVM_RE_ker=rbf_C=1.0,4,31,0,FAIL,0.79
SVM_RE_ker=rbf_C=1.0,5,38,3,FAIL,1.89
SVM_RE_ker=rbf_C=1.0,2,5,0,FAIL,2.15
SVM_RE_ker=rbf_C=1.0,3,18,1,FAIL,2.88
SVM_RE_ker=rbf_C=1.0,1,4,0,FAIL,0.98
SVM_RE_ker=rbf_C=1.0,5,42,0,FAIL,0.5
SVM_RE_ker=rbf_C=1.0,4,32,0,FAIL,0.64
SVM_RE_ker=rbf_C=1.0,2,15,0,FAIL,0.48
SVM_RE_ker=rbf_C=1.0,3,26,0,FAIL,0.67
SVM_RE_ker=rbf_C=1.0,1,4,1,FAIL,0.55
SVM_RE_ker=rbf_C=1.0,4,30,1,FAIL,0.54
SVM_RE_ker=rbf_C=1.0,2,15,0,FAIL,0.83
SVM_RE_ker=rbf_C=1.0,5,26,0,FAIL,1.51
SVM_RE_ker=rbf_C=1.0,3,26,0,FAIL,0.53
SVM_RE_ker=rbf_C=1.0,1,5,0,FAIL,0.63
SVM_RE_ker=rbf_C=1.0,2,15,0,FAIL,0.73
SVM_RE_ker=rbf_C=1.0,3,22,0,FAIL,1.3
SVM_RE_ker=rbf_C=1.0,1,3,1,FAIL,1.84
SVM_RE_ker=rbf_C=1.0,4,27,2,FAIL,3.02
SVM_RE_ker=rbf_C=1.0,2,14,0,FAIL,0.82
SVM_RE_ker=rbf_C=1.0,5,24,6,FAIL,6.37
SVM_RE_ker=rbf_C=1.0,1,3,0,FAIL,0.97
SVM_RE_ker=rbf_C=1.0,2,14,0,FAIL,0.5
SVM_RE_ker=rbf_C=1.0,5,42,0,FAIL,0.7
SVM_RE_ker=rbf_C=1.0,4,31,0,FAIL,0.79
SVM_RE_ker=rbf_C=1.0,3,26,0,FAIL,0.78
SVM_RE_ker=rbf_C=1.0,1,4,0,FAIL,0.52
SVM_RE_ker=rbf_C=1.0,2,8,2,FAIL,3.12
SVM_RE_ker=rbf_C=1.0,4,16,0,FAIL,0.58
SVM_RE_ker=rbf_C=1.0,5,42,0,FAIL,0.83
SVM_RE_ker=rbf_C=1.0,1,5,0,FAIL,0.66
SVM_RE_ker=rbf_C=1.0,3,26,0,FAIL,0.79
SVM_RE_ker=rbf_C=1.0,2,15,0,FAIL,0.65
SVM_RE_ker=rbf_C=1.0,3,25,0,FAIL,0.47
SVM_RE_ker=rbf_C=1.0,1,4,0,FAIL,1.22
SVM_RE_ker=rbf_C=1.0,4,25,1,FAIL,1.94
SVM_RE_ker=rbf_C=1.0,2,12,0,FAIL,1.26
SVM_RE_ker=rbf_C=1.0,2,11,2,FAIL,3.02
SVM_RE_ker=rbf_C=1.0,5,11,11,FAIL,14.9
SVM_RE_ker=rbf_C=1.0,2,12,1,FAIL,1.9
SVM_RE_ker=rbf_C=1.0,5,42,0,FAIL,0.54
SVM_RE_ker=rbf_C=1.0,4,30,0,FAIL,0.71
SVM_RE_ker=rbf_C=1.0,3,22,3,FAIL,1.89
SVM_RE_ker=rbf_C=1.0,2,7,1,FAIL,2.48
SVM_RE_ker=rbf_C=1.0,4,29,0,FAIL,0.5
SVM_RE_ker=rbf_C=1.0,3,26,0,FAIL,0.52
SVM_RE_ker=rbf_C=1.0,5,41,0,FAIL,0.66
SVM_RE_ker=rbf_C=1.0,2,14,0,FAIL,0.75
SVM_RE_ker=rbf_C=1.0,3,26,0,FAIL,0.49
SVM_RE_ker=rbf_C=1.0,4,31,0,FAIL,0.51
SVM_RE_ker=rbf_C=1.0,5,37,3,FAIL,1.87
SVM_RE_ker=rbf_C=1.0,3,26,0,FAIL,0.49
SVM_RE_ker=rbf_C=1.0,4,31,0,FAIL,0.53
SVM_RE_ker=rbf_C=1.0,5,38,3,FAIL,1.89
SVM_RE_ker=rbf_C=1.0,5,42,0,FAIL,0.78
SVM_RE_ker=rbf_C=1.0,4,26,1,FAIL,1.93
SVM_RE_ker=rbf_C=1.0,3,22,1,FAIL,2.15
SVM_RE_ker=rbf_C=1.0,5,42,0,FAIL,0.66
SVM_RE_ker=rbf_C=1.0,3,19,1,FAIL,2.23
SVM_RE_ker=rbf_C=1.0,4,25,1,FAIL,2.22
